horizon,model,oos_r2,mspe_adj,cw_pvalue,stars
1,HAR-VIX,5.865839398122397,9.825886551742588,2.7732032208603903e-22,***
1,HAR-EPU,-0.27204760414891727,0.6344058837723684,0.5258888919764688,
1,HAR-SKEW,-0.1888422721296079,0.8203186852030078,0.4121327032662311,
5,HAR-VIX,7.622557888355308,11.05862444789271,1.2519464984620513e-27,***
5,HAR-EPU,-0.12146598777715845,0.8866251876748523,0.3753880773045981,
5,HAR-SKEW,-1.0504423119094275,-1.7955457210272716,0.07271876539610496,*
22,HAR-VIX,5.963680860716314,10.320923633509846,2.337630653575325e-24,***
22,HAR-EPU,-0.6227841221019714,0.22318878706143103,0.8234117296743249,
22,HAR-SKEW,-3.3518339756957394,-1.7211391830609106,0.08538265648363957,*
