factor,ticker,industry,loading
VF1,ACAS,Finance,0.08386233666161394
VF1,AFL,Finance,0.07534594565960438
VF1,AIG,Finance,0.08893262294825714
VF1,AIV,Finance,0.07470795476985477
VF1,ALL,Finance,0.07365754699534566
VF1,AXP,Finance,0.07885510117135262
VF1,BAC,Finance,0.07822702280076077
VF1,BK,Finance,0.07536148936172843
VF1,BXP,Finance,0.06966949095103113
VF1,C,Finance,0.08253676825856138
VF1,CINF,Finance,0.06881431845067415
VF1,COF,Finance,0.08479119869467286
VF1,FITB,Finance,0.08683515528585917
VF1,GS,Finance,0.06634555361980837
VF1,HBAN,Finance,0.08394222993569049
VF1,HCP,Finance,0.06713184412384805
VF1,HIG,Finance,0.08573720447480027
VF1,JPM,Finance,0.0773030410264961
VF1,KEY,Finance,0.0818880071579341
VF1,LNC,Finance,0.07761952797309218
VF1,MBI,Finance,0.07181837449686317
VF1,MET,Finance,0.07231392521510382
VF1,MTG,Finance,0.07859261400912
VF1,NTRS,Finance,0.07022146328959253
VF1,PFG,Finance,0.0828197039697709
VF1,PLD,Finance,0.08211874806432694
VF1,PNC,Finance,0.07942409002450775
VF1,PRU,Finance,0.07889841043894154
VF1,RF,Finance,0.07852778487750504
VF1,RJF,Finance,0.06775469427922724
VF1,SLM,Finance,0.0792151067721654
VF1,SNV,Finance,0.07182912666872988
VF1,SPG,Finance,0.0716844373688846
VF1,SPY,Finance,0.07371397643689834
VF1,STI,Finance,0.08138697671988233
VF1,STT,Finance,0.07756658015046956
VF1,TMK,Finance,0.07140467008415385
VF1,TROW,Finance,0.07234043975584489
VF1,UDR,Finance,0.06984920958245507
VF1,UNM,Finance,0.06657858370558817
VF1,USB,Finance,0.08009972831748524
VF1,WFC,Finance,0.08605437738091128
VF1,XL,Finance,0.09383998281503597
VF1,ZION,Finance,0.07822739207625977
VF1,BC,Machinery,0.06954167449737901
VF1,GE,Machinery,0.06831376107616627
VF1,TEN,Machinery,0.06978305349601482
VF1,TXT,Machinery,0.06714165379540527
VF1,LEN,Services,0.06799211568187166
VF1,LVLT,Transportation,0.06828287771549042
VF3,ACAS,Finance,-0.10211799906967713
VF3,AIG,Finance,-0.1007786515996598
VF3,CME,Finance,-0.06520289107653693
VF3,PLD,Finance,-0.07285833457729803
VF3,SNV,Finance,-0.11607860290996072
VF3,BCR,Health,0.06436198168844555
VF3,GRMN,Machinery,-0.06335108015372441
VF3,ITT,Machinery,0.08251567693141974
VF3,TEN,Machinery,-0.061922667157392315
VF3,TER,Machinery,-0.079908357694224
VF3,GCI,Manufacturing,0.06843206872858558
VF3,NEM,Mining,0.09507825935467112
VF3,APA,Oil and gas,0.131775917143189
VF3,APC,Oil and gas,0.10574702490374599
VF3,CHK,Oil and gas,0.2177329896261152
VF3,CNX,Oil and gas,0.12486014773876028
VF3,COP,Oil and gas,0.1322074892074278
VF3,CVX,Oil and gas,0.07596750810275016
VF3,HP,Oil and gas,0.09428828430978652
VF3,MRO,Oil and gas,0.18110647473157576
VF3,MUR,Oil and gas,0.16384368326806262
VF3,NBR,Oil and gas,0.15098107461441368
VF3,NE,Oil and gas,0.18436644906935956
VF3,NFG,Oil and gas,0.07129355879734466
VF3,NFX,Oil and gas,0.11955444829895114
VF3,PXD,Oil and gas,0.08102713351230623
VF3,RDC,Oil and gas,0.1406437881274244
VF3,RIG,Oil and gas,0.16870721629402574
VF3,AVP,Pharma & Chemicals,0.23064932622025275
VF3,ENDP,Pharma & Chemicals,0.1324875324537983
VF3,MYL,Pharma & Chemicals,0.08189259305576481
VF3,AA,Primary manufacturing,0.07374515194722601
VF3,AKS,Primary manufacturing,0.11157826456995461
VF3,ATI,Primary manufacturing,0.07321003560218296
VF3,GT,Primary manufacturing,-0.06223636466274309
VF3,IPG,Services,-0.06388451159993705
VF3,LEN,Services,-0.06949744788164657
VF3,AKAM,Technology,-0.07048387220462256
VF3,AMD,Technology,0.09971805149979708
VF3,FFIV,Technology,-0.09915324670433928
VF3,HPQ,Technology,0.0634408608740114
VF3,KLAC,Technology,-0.0833995155942848
VF3,LLTC,Technology,-0.0706200739524779
VF3,JCP,Trade,0.09240438900731149
VF3,RAD,Trade,-0.16083448432084538
VF3,SVU,Trade,0.0970166509756093
VF3,CTL,Transportation,0.07679123247726274
VF3,LVLT,Transportation,-0.19736340919831175
VF3,TDW,Transportation,0.2565939733685488
VF3,VIAB,Transportation,0.08678155415786161
