horizon,factor,year,oos_r2
1,VF1,2009,0.044965339003911975
1,VF2,2009,-0.01581080334678231
1,VF3,2009,0.0029530946651986634
1,VF4,2009,0.00024895186520534907
1,VF1,2010,0.05442537080719123
1,VF2,2010,-0.002319280106242605
1,VF3,2010,-0.00017488074978455614
1,VF4,2010,0.00030228932242248874
1,VF1,2011,0.006763118608075547
1,VF2,2011,-0.0007927153845361801
1,VF3,2011,-0.0020231434843915874
1,VF4,2011,1.980032044424096e-05
1,VF1,2012,-0.0043305589964584
1,VF2,2012,-0.0005374537571789517
1,VF3,2012,0.00676303244225529
1,VF4,2012,-0.004474423150742757
1,VF1,2013,0.0069749062820354535
1,VF2,2013,0.00665460708402521
1,VF3,2013,0.010418766066521257
1,VF4,2013,-0.0032759448008581327
1,VF1,2014,0.036696420619497405
1,VF2,2014,0.008202820417547052
1,VF3,2014,0.0007996801683168853
1,VF4,2014,-0.020751527232061973
1,VF1,2015,0.00642841785063375
1,VF2,2015,-0.006277211559049478
1,VF3,2015,-0.005873389306757959
1,VF4,2015,0.0019968623333977975
1,VF1,2016,-0.02211975489743434
1,VF2,2016,-0.00219465259871221
1,VF3,2016,-0.00958176002121447
1,VF4,2016,0.019187377325748933
1,sVF1,2009,0.035418517462387444
1,sVF2,2009,-0.004713812372169945
1,sVF3,2009,0.0035022951162059224
1,sVF4,2009,0.0011500931477236298
1,sVF1,2010,0.06319989543162718
1,sVF2,2010,-0.001426378541410367
1,sVF3,2010,-0.0002392474087276053
1,sVF4,2010,0.004183581628635857
1,sVF1,2011,0.0021945571742079117
1,sVF2,2011,-0.00034281578395845
1,sVF3,2011,-0.0016993643781209045
1,sVF4,2011,-0.004145265688570765
1,sVF1,2012,-0.0048161432263937876
1,sVF2,2012,-0.0002943935251931151
1,sVF3,2012,-0.000525375226952729
1,sVF4,2012,-0.0008456382687802577
1,sVF1,2013,0.018338856863778785
1,sVF2,2013,-0.0005236242443864558
1,sVF3,2013,0.006859010886975603
1,sVF4,2013,0.009541686220026824
1,sVF1,2014,0.04339853227575341
1,sVF2,2014,-0.0118200436827256
1,sVF3,2014,0.0011554602129763003
1,sVF4,2014,0.005167794634354572
1,sVF1,2015,-0.007297340317631296
1,sVF2,2015,-0.007984609548945976
1,sVF3,2015,-0.004800936797774602
1,sVF4,2015,0.002729149435161893
1,sVF1,2016,-0.03328922670418
1,sVF2,2016,-0.0005396111899005351
1,sVF3,2016,-0.005827745885347069
1,sVF4,2016,0.018884755208463444
5,VF1,2009,0.021821925762324113
5,VF2,2009,-0.09500064674089037
5,VF3,2009,0.017561127544910016
5,VF4,2009,-0.015372631559506189
5,VF1,2010,0.07171391311913522
5,VF2,2010,0.0064783899898021025
5,VF3,2010,-0.0034634620868387866
5,VF4,2010,-0.00300814449675757
5,VF1,2011,0.02181820975754556
5,VF2,2011,0.003446065255854114
5,VF3,2011,-0.007303843786771624
5,VF4,2011,-0.0011803482067624937
5,VF1,2012,0.036668856297285
5,VF2,2012,0.0019269278171591964
5,VF3,2012,0.03872571105707767
5,VF4,2012,0.006553941924273499
5,VF1,2013,0.03927312833569341
5,VF2,2013,0.011300208007492984
5,VF3,2013,0.008291940101359807
5,VF4,2013,-0.003398404497069407
5,VF1,2014,0.05809663651733854
5,VF2,2014,0.021693633654819133
5,VF3,2014,0.0016461575015903618
5,VF4,2014,-0.034269355347432695
5,VF1,2015,-0.008804925805194319
5,VF2,2015,-0.007257537210562548
5,VF3,2015,-0.007645590692696436
5,VF4,2015,-0.006811708677853634
5,VF1,2016,-0.04820171586421029
5,VF2,2016,-0.007558083652358771
5,VF3,2016,-0.017394058804225843
5,VF4,2016,0.04049306172834388
5,sVF1,2009,0.015365511748649863
5,sVF2,2009,-0.05497517487756909
5,sVF3,2009,0.007368789694660038
5,sVF4,2009,-0.0057289126912096755
5,sVF1,2010,0.09638989587898639
5,sVF2,2010,0.0028881455081872787
5,sVF3,2010,-0.0017086200448370725
5,sVF4,2010,-0.0024637077361107096
5,sVF1,2011,0.011558712492284573
5,sVF2,2011,0.002176460984620654
5,sVF3,2011,-0.0041235457162849265
5,sVF4,2011,-0.009084147188000102
5,sVF1,2012,0.07086740271983949
5,sVF2,2012,0.001142353830459908
5,sVF3,2012,0.0032153533996428507
5,sVF4,2012,-0.021585279425310855
5,sVF1,2013,0.062445166054129086
5,sVF2,2013,0.0035899043562830357
5,sVF3,2013,0.01219354157804553
5,sVF4,2013,0.0031651785864666993
5,sVF1,2014,0.08173260200364274
5,sVF2,2014,0.014691570493315376
5,sVF3,2014,-0.006926245648194662
5,sVF4,2014,0.00042245101485727243
5,sVF1,2015,-0.03680348084782237
5,sVF2,2015,-0.0136172799817178
5,sVF3,2015,0.009944819301199281
5,sVF4,2015,-0.013390619371392853
5,sVF1,2016,-0.06129679813522948
5,sVF2,2016,-0.0033017446830183594
5,sVF3,2016,-0.014649370471928158
5,sVF4,2016,0.04842415931850941
22,VF1,2009,-0.04064535981692252
22,VF2,2009,-0.6488284180764285
22,VF3,2009,0.07921219852591777
22,VF4,2009,-0.041404063333257746
22,VF1,2010,0.1512304475906312
22,VF2,2010,0.050146256222597274
22,VF3,2010,0.00865651407950796
22,VF4,2010,-0.004979147633301206
22,VF1,2011,0.0019722426444284125
22,VF2,2011,0.022352167434847026
22,VF3,2011,0.004911234851525559
22,VF4,2011,0.016088856272391983
22,VF1,2012,0.013836053696422046
22,VF2,2012,0.028390953032978006
22,VF3,2012,0.271743975645355
22,VF4,2012,0.07090013381755733
22,VF1,2013,0.12803556314218623
22,VF2,2013,0.09110933416825517
22,VF3,2013,0.030967651711703237
22,VF4,2013,-0.07242018116581828
22,VF1,2014,0.045755805559329565
22,VF2,2014,0.022280723495296972
22,VF3,2014,0.02413646959888116
22,VF4,2014,0.015927078088759372
22,VF1,2015,0.02848615802157084
22,VF2,2015,0.026535714795956844
22,VF3,2015,0.08480180860833542
22,VF4,2015,-0.05505677773474815
22,VF1,2016,-0.13483038933955105
22,VF2,2016,-0.09460428457701742
22,VF3,2016,-0.16835023889670975
22,VF4,2016,0.11364211234244581
22,sVF1,2009,-0.07492337195364884
22,sVF2,2009,-0.7369736414479375
22,sVF3,2009,0.0956037658150416
22,sVF4,2009,-0.027710976434973444
22,sVF1,2010,0.24714635811888552
22,sVF2,2010,0.069760164720443
22,sVF3,2010,-0.0005023809855493333
22,sVF4,2010,-0.0012446925814084686
22,sVF1,2011,-0.010454672056370296
22,sVF2,2011,0.021740577008742323
22,sVF3,2011,0.0004073491166443066
22,sVF4,2011,-0.02394755914717761
22,sVF1,2012,0.1866504674767253
22,sVF2,2012,0.01886694524715371
22,sVF3,2012,0.1629354641098394
22,sVF4,2012,0.0358736325486857
22,sVF1,2013,0.2157216389431147
22,sVF2,2013,0.08179837911307664
22,sVF3,2013,0.031890809161288725
22,sVF4,2013,-0.043940047223863354
22,sVF1,2014,0.07884400499808197
22,sVF2,2014,0.02149240219523796
22,sVF3,2014,0.027776971729461586
22,sVF4,2014,0.014377394906486485
22,sVF1,2015,0.13832542615319832
22,sVF2,2015,0.03527525085251326
22,sVF3,2015,0.0552725669122176
22,sVF4,2015,-0.019548704182482002
22,sVF1,2016,-0.3796841141980545
22,sVF2,2016,-0.09812386248038285
22,sVF3,2016,-0.12942759108638469
22,sVF4,2016,0.08233146871036967
