Model,OOS_R2,OOS_R2_pct,CW_stat,CW_pvalue,signif,R2_with_stars
HAR_VF1,0.0476177573270814,4.762,9.981,0.0,***,4.76***
HAR_VF2,-0.006968483488166477,-0.697,3.744,0.0001,***,-0.70***
HAR_VF3,0.031888118820276534,3.189,7.455,0.0,***,3.19***
HAR_VF4,0.0012737954939835427,0.127,2.271,0.0116,**,0.13**
HAR_VF1_VF2,0.03162645535247699,3.163,9.231,0.0,***,3.16***
HAR_VF1_VF3,0.07145013254987176,7.145,11.753,0.0,***,7.15***
HAR_VF1_VF4,0.0455890317502019,4.559,10.357,0.0,***,4.56***
HAR_VF2_VF3,0.04493590251072099,4.494,8.535,0.0,***,4.49***
HAR_VF2_VF4,0.004699221912654927,0.47,4.957,0.0,***,0.47***
HAR_VF3_VF4,0.03522386157592705,3.522,7.821,0.0,***,3.52***
HAR_VF1_VF2_VF3,0.07812991258984181,7.813,12.122,0.0,***,7.81***
HAR_VF1_VF2_VF4,0.038481238779508486,3.848,10.599,0.0,***,3.85***
HAR_VF1_VF3_VF4,0.07010263346093393,7.01,12.332,0.0,***,7.01***
HAR_VF2_VF3_VF4,0.05908615327512545,5.909,10.259,0.0,***,5.91***
HAR_all_factors,0.08662952955355196,8.663,13.582,0.0,***,8.66***
HAR_LASSO_selected,0.06945009968988713,6.945,12.823,0.0,***,6.95***
BIC_best_model,0.08614911211088028,8.615,13.044,0.0,***,8.61***
