,LV,VF1,VF2,VF3,VF4,sVF1,sVF2,sVF3,sVF4
LV,1.0,,,,,,,,
VF1,0.9053761273648169,1.0,,,,,,,
VF2,-0.06473899328950634,-2.0310144275733102e-14,1.0,,,,,,
VF3,0.0069831190360253575,4.1448233555667247e-16,-5.415461600353495e-16,1.0,,,,,
VF4,0.012641007612028347,-5.737573900471129e-16,-5.26770497256823e-16,-3.653105623709237e-15,1.0,,,,
sVF1,0.9041859827003874,0.9965172599785608,-0.04874985749729173,-0.05135088358753891,0.02304146566910424,1.0,,,
sVF2,-0.02347551361012911,0.046917617641556414,0.9930553961268201,0.0011952380071354055,-0.018847223863455435,-3.879469466895561e-15,1.0,,
sVF3,0.04977523010286252,0.04777438813041851,-0.01122735441580721,0.97075385941886,0.021776802699928387,5.460989565418148e-16,-1.963142822564899e-16,1.0,
sVF4,-0.013098580217358267,-0.014107305250064374,0.029763491358100098,-0.012562653762758563,0.8876956118368715,2.437346855520028e-16,8.792688232060856e-16,1.2062835195534126e-14,1.0
