Model,1-day,5-day,22-day
HAR-VF1,1.50***,2.51***,4.76***
HAR-VF1+VF2,1.40***,2.21***,3.16***
HAR-VF1+VF3,1.30***,2.08***,7.15***
HAR-VF1+VF4,1.33***,2.06***,4.56***
HAR-VF2+VF3,-0.03*,0.35***,4.49***
HAR-VF2+VF4,0.04*,0.11**,0.47***
HAR-VF3+VF4,-0.12,-0.27,3.52***
HAR-VF1+VF2+VF3,1.26***,2.22***,7.81***
HAR-VF1+VF2+VF4,1.32***,1.98***,3.85***
HAR-VF1+VF3+VF4,1.09***,1.60***,7.01***
HAR-VF2+VF3+VF4,0.02**,0.46***,5.91***
HAR-all-factors,1.13***,1.98***,8.66***
BIC-selected,1.43***,1.29***,8.61***
LASSO-selected,1.11***,2.09***,6.95***
