horizon,industry,n_stocks,oos_r2,mspe_adj,cw_stat,cw_pvalue,stars
1,Oil,23,0.5881035507442345,0.008214437983247285,3.0084915504476437,0.002669603459432671,***
1,Finance,56,1.6998987392736975,0.01224083636860508,5.040285130858542,5.218175303088353e-07,***
1,Electricity,13,-0.10235344674163205,0.0010161844233944342,1.0729639678015161,0.2834613749551165,
1,Technology,48,1.020320711803957,0.006754662877638573,3.5708255993264113,0.0003671894027355413,***
1,Food,10,0.003715085357669512,0.0014262477508273116,1.316066695964805,0.1883544965725329,
1,Manufacturing,11,1.0489691279116586,0.0060428490525436295,4.0477772993114876,5.436667971685572e-05,***
1,Pharma & Chemicals,21,-0.1385741448062694,0.002634034137956243,1.7008270176442963,0.08918455588131775,*
1,Primary manufacturing,16,1.3555454865721517,0.007946775859993064,4.095347891046499,4.44227917859845e-05,***
1,Machinery,35,1.3722437966290468,0.007922952129330713,4.139509756945873,3.675824583589669e-05,***
1,Health,8,0.08828434511173322,0.0009891821898969074,1.2462306228306184,0.2128760332517939,
1,Transportation,18,1.6897849345771765,0.011733281365628156,4.301134821402095,1.8099919976435466e-05,***
1,Trade,40,0.6018314203054764,0.0036042623670732715,2.7803743006922774,0.005498073135156704,***
1,Services,31,1.5808530668663057,0.009296505755377401,4.326388609804607,1.6168071479273325e-05,***
1,Mining,2,0.6015569630808404,0.005031724633894231,2.918606384031286,0.003568873013806478,***
5,Oil,23,0.9550607902850228,0.009334092669662503,3.6207328735671354,0.0003036294963266927,***
5,Finance,56,3.4562677594460745,0.0191285310421517,7.0995527695320035,1.9322109853945265e-12,***
5,Electricity,13,-0.023786042051709977,0.002876511818161839,2.2608379313499576,0.02391331732624436,**
5,Technology,48,1.7783937856315712,0.009871811431350387,4.894914916106301,1.0905753979161432e-06,***
5,Food,10,0.3037985932478948,0.0022552998656718668,2.3006995046133207,0.02154644370313569,**
5,Manufacturing,11,1.5929934028291126,0.006485471502696415,4.7622908751956565,2.1007308055139397e-06,***
5,Pharma & Chemicals,21,0.3246723449309541,0.00499469717770327,3.3812752092979688,0.0007402093115443768,***
5,Primary manufacturing,16,2.290156734748472,0.008921204875333153,5.461482572835049,5.526668607826149e-08,***
5,Machinery,35,2.6723490588349996,0.012285290849119253,6.098343192751691,1.3637173916167184e-09,***
5,Health,8,-0.02629836548089237,0.0004979283384115271,0.8752782877512056,0.38156385905659784,
5,Transportation,18,3.6726452355010486,0.01644452596423156,7.62310707269991,4.389475928120238e-14,***
5,Trade,40,1.9584077262259303,0.007708725895352792,5.438659519963776,6.267633095006315e-08,***
5,Services,31,2.597091509981486,0.012144108508255702,5.80106969111538,8.037168702399066e-09,***
5,Mining,2,0.5296662200169999,0.00445210891965432,3.344083006638287,0.0008460861334920784,***
22,Oil,23,1.6908651951436648,0.013550336500721558,4.843047968112994,1.4120120065070815e-06,***
22,Finance,56,7.369872101536368,0.05839764047521148,9.894934320128764,2.11746147531032e-22,***
22,Electricity,13,-0.12247120456556626,0.005163396003145017,2.432714937794576,0.015103354509489452,**
22,Technology,48,-0.2973251104447794,0.006878850588217572,2.8326380275515137,0.004678824270647812,***
22,Food,10,0.0025861254772330255,0.0068534108816563,3.5142561907554204,0.00045420706498197844,***
22,Manufacturing,11,1.2370253079436622,0.008657547195348964,4.530661110546631,6.350130610960685e-06,***
22,Pharma & Chemicals,21,-0.5577915708834036,0.005207937407880604,2.7539825185949485,0.005959192921765587,***
22,Primary manufacturing,16,0.615844073224836,0.005116552112603772,2.8564936047857126,0.0043430437802249,***
22,Machinery,35,1.492674765658264,0.011226312905593281,4.645367292029453,3.694496442376097e-06,***
22,Health,8,-0.41750452073794353,0.00014644600281341226,0.11997173515166348,0.9045217448953426,
22,Transportation,18,6.645748471504742,0.035868736284192126,9.808847412208683,4.732250354337015e-22,***
22,Trade,40,2.331778600337575,0.01105513933880636,6.313795499965431,3.5866421860192064e-10,***
22,Services,31,2.130162446372885,0.015967355022997152,5.770821279914902,9.583840515925775e-09,***
22,Mining,2,-1.1822112026587783,0.0011261535561776774,0.5930059355664565,0.5532673544498319,
