component,horizon,model,oos_r2,mspe_adj,cw_stat,cw_pvalue,stars
continuous,1,HAR-CVF1,1.17288199806167,0.005231801745981557,4.099337744636917,4.367391367995803e-05,***
continuous,1,HAR-CVF2,0.08166464134503615,0.0009989633852438016,1.8578699250240254,0.0633851539175672,*
continuous,1,HAR-CVF3,0.07239055260305216,0.00037021754898565316,0.9593327091824277,0.3375472211855982,
continuous,1,HAR-CVF4,0.019539559646264415,0.00018542779836943732,0.4318529703759149,0.6659109281496371,
continuous,1,HAR-CsVF1,1.0459107463159256,0.005301200981790161,3.6580580323817626,0.0002630078224767853,***
continuous,1,HAR-CsVF2,-0.10093737234313505,0.0006764037390220251,1.0658427638192154,0.28666786709050196,
continuous,1,HAR-CsVF3,0.10889825802904429,0.0007322556006444977,1.0480137342924989,0.2948027018260679,
continuous,1,HAR-CsVF4,0.08424339966153216,0.0003898921982310469,0.9756339663466098,0.3294046790537616,
continuous,5,HAR-CVF1,2.2018483549753998,0.007705100498230284,6.067437771583272,1.6473084326630172e-09,***
continuous,5,HAR-CVF2,0.19780025433521198,0.0014004124170437448,2.9951208722801392,0.0027888703071212,***
continuous,5,HAR-CVF3,0.023313978311423345,0.0007406919468691005,0.8598104170594829,0.3900326172304329,
continuous,5,HAR-CVF4,0.20745967833628587,0.0008779419959689481,1.173588874514445,0.24074831099926858,
continuous,5,HAR-CsVF1,2.0449824553137597,0.007766933483059744,5.518031195560398,4.040441372551174e-08,***
continuous,5,HAR-CsVF2,0.2175782034950946,0.002075985119472657,1.7674457294379615,0.07735936839841781,*
continuous,5,HAR-CsVF3,0.09077661158984895,0.0015095249730306232,1.1907129827438339,0.23395696125929655,
continuous,5,HAR-CsVF4,0.2507150290047444,0.000939524851152284,2.1667755350463187,0.03041087324307652,**
continuous,22,HAR-CVF1,3.8316442778994597,0.018042500259500004,8.747570251864055,5.872741568047171e-18,***
continuous,22,HAR-CVF2,-0.6052150222066066,0.004411711063441438,3.154605135944692,0.0016398134783462395,***
continuous,22,HAR-CVF3,2.429609517174902,0.01227325242465526,6.172240741195915,8.698563370122628e-10,***
continuous,22,HAR-CVF4,0.5450375866286716,0.002693804361071799,3.9605742027814435,7.836039074382716e-05,***
continuous,22,HAR-CsVF1,4.2192602553360885,0.021366370308629753,9.102054753209941,2.816966037508963e-19,***
continuous,22,HAR-CsVF2,-1.7993706738056003,0.007171032105207901,3.1506102010586923,0.0016622515562160487,***
continuous,22,HAR-CsVF3,2.8431941487847556,0.011109934708354939,8.678475594938897,1.0485860320174777e-17,***
continuous,22,HAR-CsVF4,0.413041178279705,0.004193497157842904,3.907996540520101,9.730963506446877e-05,***
jump,1,HAR-JVF1,-0.18123089294010963,-0.0003934475947035076,-1.1743918758325043,0.24042626221862706,
jump,1,HAR-JVF2,0.024359415132368945,0.00012343265378089661,0.7230853441954096,0.46974124588725974,
jump,1,HAR-JVF3,0.0824487471507318,0.0003433875244368192,1.39071615141524,0.1645197365205504,
jump,1,HAR-JVF4,0.006761332250071472,3.362538021731496e-05,0.406060705917895,0.6847564606765828,
jump,1,HAR-JsVF1,-0.17475664873134455,-0.0003158563913540446,-0.7301109022833582,0.46543747773769495,
jump,1,HAR-JsVF2,0.018878733338356657,0.0004757165747120865,0.6831129997521638,0.49464192784967254,
jump,1,HAR-JsVF3,-2.486687056158865,-0.002888052063730801,-0.9065139380798957,0.36481085667329816,
jump,1,HAR-JsVF4,0.03224390397895682,0.0022475378541413076,2.003148511358943,0.04534267317776354,**
jump,5,HAR-JVF1,-0.0722503243248962,-0.0001701323508991445,-2.0479641301927236,0.040739425514342606,**
jump,5,HAR-JVF2,-0.04630141647203878,-0.00010842660383305475,-1.6873596451778532,0.09174464932255015,*
jump,5,HAR-JVF3,0.029073211828678502,0.00012859123791705124,0.7809943863417564,0.4349305298140119,
jump,5,HAR-JVF4,0.021245554720317195,0.00018971408023718715,0.7140310861047687,0.4753203953788482,
jump,5,HAR-JsVF1,-0.13602748370362683,-0.00019766113699308454,-0.39848432533980455,0.6903306120327757,
jump,5,HAR-JsVF2,-0.8182153828202976,-0.000803225376507211,-1.0216619815891488,0.3071076529291263,
jump,5,HAR-JsVF3,-0.04683758965831064,0.00010943968562115494,0.2829927837622001,0.7772218904536816,
jump,5,HAR-JsVF4,0.21283533609385286,0.0006658051154642575,2.550316967008559,0.010862358481583212,**
jump,22,HAR-JVF1,0.5282590992903513,0.0018782332702192458,3.8373737625845084,0.00012964580389087564,***
jump,22,HAR-JVF2,0.032915242402864475,0.00011220922953230044,1.369490678849281,0.17105583130177326,
jump,22,HAR-JVF3,0.20808790561152035,0.0007270074499792719,2.4580480346997082,0.014084522981753259,**
jump,22,HAR-JVF4,0.10970430164773948,0.000794115045554939,1.591026794280552,0.11181929146004341,
jump,22,HAR-JsVF1,0.14257480527434252,0.001309898861682737,1.0055232448823688,0.3148110113157161,
jump,22,HAR-JsVF2,-0.22168034596954378,0.0004005734934845715,0.35286454116540483,0.7242407567888394,
jump,22,HAR-JsVF3,-0.03698289100380059,0.0004182827843961613,0.6623516770830189,0.5078500455007297,
jump,22,HAR-JsVF4,0.36101002992939835,0.0018290454415867024,1.355349424679407,0.1755151751981641,
bad,1,HAR-BVF1,3.551251636521635,0.026984038913030934,6.955937258433411,5.230650375851844e-12,***
bad,1,HAR-BVF2,0.11941154792578512,0.000662766848164202,1.170542487893199,0.24197028132790238,
bad,1,HAR-BVF3,0.21700394140619084,0.0009620529755010955,1.663175774914953,0.0964879823818809,*
bad,1,HAR-BVF4,-0.3323690282915459,-0.0007691887192194831,-1.4271349451969193,0.1537509455761996,
bad,1,HAR-BsVF1,3.3747081145546254,0.0302739290141877,6.9776787063855386,4.5039271243232654e-12,***
bad,1,HAR-BsVF2,-0.0933982794944388,-0.0002577925886730694,-1.4323298822744681,0.1522596074028229,
bad,1,HAR-BsVF3,0.05416239923535793,0.0006019041713206969,0.8149022839681014,0.41525873735310315,
bad,1,HAR-BsVF4,0.006658640891110679,0.00026635955537396305,0.5998032218563675,0.5487287698097214,
bad,5,HAR-BVF1,5.30355411586807,0.02847914420745082,8.509804491272657,4.190694602525458e-17,***
bad,5,HAR-BVF2,0.2986757029832754,0.002044487189516864,1.7957909702186108,0.07273071876397628,*
bad,5,HAR-BVF3,0.2804955522878849,0.0011717213340061402,1.8662836806997303,0.062198406453923334,*
bad,5,HAR-BVF4,-0.6462827159622098,-0.0011695913741371247,-1.2499375450084407,0.2115190419189713,
bad,5,HAR-BsVF1,6.184485033934017,0.0379640697274406,9.399990141915374,1.9854009112357753e-20,***
bad,5,HAR-BsVF2,0.2513311457543632,0.0011400537887481437,1.6650359630814207,0.09611623782454577,*
bad,5,HAR-BsVF3,-0.018818309456469784,0.0005882956357389973,0.7811628559500936,0.43483106177927877,
bad,5,HAR-BsVF4,-0.2074212166646383,-0.00028409689271977366,-0.78032912741741,0.43532136486371564,
bad,22,HAR-BVF1,6.1465352149654535,0.03932817308305748,9.928073596960806,1.55121918650913e-22,***
bad,22,HAR-BVF2,-0.07878585836125218,0.01444367335463469,3.5633809265123495,0.0003776751192558416,***
bad,22,HAR-BVF3,3.3500337960604143,0.01527412141277425,7.972997734144191,3.061258592212059e-15,***
bad,22,HAR-BVF4,0.025251764921951914,0.0010674013390052865,1.0393811581401222,0.2987964738745235,
bad,22,HAR-BsVF1,11.173879672482956,0.07450374963685691,12.513866978799351,3.1109061076546323e-34,***
bad,22,HAR-BsVF2,-0.6215983205084763,0.011139681569591607,3.0081475703433878,0.0026726085610377995,***
bad,22,HAR-BsVF3,3.1497811060080094,0.013208732019140117,8.269346843310968,2.9536354964427765e-16,***
bad,22,HAR-BsVF4,-1.111710069878602,-0.0014245992062797183,-1.1376090687599052,0.255467025347191,
good,1,HAR-GVF1,0.28007250025929853,0.0014401412252389475,1.9275394328892284,0.05410271853840044,*
good,1,HAR-GVF2,0.1644679177296493,0.0022624956927465223,1.8639305214504986,0.06252841081417322,*
good,1,HAR-GVF3,0.3414836664606624,0.001400545526138899,2.625396955211032,0.00874355647168379,***
good,1,HAR-GVF4,-0.8173081731311038,-0.001793843387175703,-1.8294159104617957,0.0675374720057015,*
good,1,HAR-GsVF1,0.011448730247454186,0.002248544821445365,1.5289511042530899,0.12648924860963057,
good,1,HAR-GsVF2,-0.163256646329768,0.0029728771948328648,1.7462035177627746,0.08098208896907884,*
good,1,HAR-GsVF3,-0.785069639862912,-0.0011359666249758057,-1.1721944679914484,0.2413067516443798,
good,1,HAR-GsVF4,0.4554428140467137,0.0028541849022939805,2.662854073555069,0.00783169576016816,***
good,5,HAR-GVF1,1.5749775345100248,0.005985739373801941,4.750237040084664,2.2279185378463385e-06,***
good,5,HAR-GVF2,0.39580879338716457,0.003630236458163668,2.599433513726262,0.0094301951897651,***
good,5,HAR-GVF3,0.4422832413368383,0.0017891613745566494,2.4879415279602712,0.01295730614070427,**
good,5,HAR-GVF4,-1.0379023447352198,-0.0014305915534638567,-1.2217816031903335,0.22198387679553608,
good,5,HAR-GsVF1,2.533568513001827,0.011975360288011399,5.572091516828082,2.9835437944834534e-08,***
good,5,HAR-GsVF2,0.0007845761178515431,0.0038028407929596064,2.2381597033585194,0.025358168993355287,**
good,5,HAR-GsVF3,0.45174167070243243,0.001889389849710419,2.2524137967811733,0.024441461321082686,**
good,5,HAR-GsVF4,-0.5550175421960457,-0.0008556722965883954,-1.3739201093470528,0.16967354972078727,
good,22,HAR-GVF1,4.035890417022858,0.02117659713980322,7.7837662178106255,1.3095402239198511e-14,***
good,22,HAR-GVF2,-0.40668030633712604,0.01659727549940721,3.7781744536133375,0.00016421771548569514,***
good,22,HAR-GVF3,3.9365556699521242,0.018308270044055764,8.465829873811662,6.011498720801595e-17,***
good,22,HAR-GVF4,0.029168632452425403,0.0033749821185769862,1.7393004199465856,0.08218886354786611,*
good,22,HAR-GsVF1,7.531146281053069,0.04288358157436801,10.433328541292932,1.209516747396518e-24,***
good,22,HAR-GsVF2,0.19118181966741865,0.02140724649223335,3.878497067322189,0.00010969039679209873,***
good,22,HAR-GsVF3,1.67627436537382,0.011432347175149201,4.726556668796925,2.4996729604845936e-06,***
good,22,HAR-GsVF4,0.7982693815190123,0.00477728892545861,4.121558980839675,3.970836878053434e-05,***
