window_years,horizon,model,OOS_R2,MSPE_adj,CW_stat,CW_pvalue,stars,n_obs
4,1,HAR,0.0,,,,,2243
4,1,VF1,1.2688519279206778,0.011225418074076145,5.5069673415136045,4.068124860530713e-08,***,2243
4,1,VF2,-0.11645575968826094,0.0005758567268784015,0.7525721901575726,0.45178604068341655,,2243
4,1,VF3,-0.01576924647848088,0.0006562724400819736,0.9949158119087971,0.3198845761275254,,2243
4,1,VF4,-0.16227501823076196,0.0006065395741813644,0.6554594871008983,0.5122392110432854,,2243
4,1,sVF1,0.9934492869197675,0.018338196606581852,5.995190961931161,2.3623100689925387e-09,***,2243
4,1,sVF2,-0.23559033469326973,1.9012491980816987e-05,0.0278539821856202,0.9777810900802817,,2243
4,1,sVF3,-0.03791412056923793,0.001160434675993625,1.2203338799916075,0.22246666911988228,,2243
4,1,sVF4,0.5278338643715963,0.0031996093641661638,3.295293665327836,0.0009985067631473037,***,2243
4,1,MC,0.4863773976021113,0.0016815352327192701,5.625819218745175,2.076658623267525e-08,***,2243
4,1,MDC,0.256320326583348,0.000876965406114753,4.310742437237514,1.697447828469186e-05,***,2243
4,1,TMC,0.4805315876549976,0.0016613773805597505,5.595533776911435,2.4678665706767707e-08,***,2243
4,1,DMSPE_0.9,0.4953532886798673,0.0017149498813754298,5.697635034450318,1.3744783094851456e-08,***,2243
4,1,DMSPE_1,0.4909222523934109,0.0016984588183203849,5.648551696773626,1.8233011005938358e-08,***,2243
4,5,HAR,0.0,,,,,2239
4,5,VF1,2.2313341692331568,0.01548401296010667,7.388042250915116,2.0923054261998103e-13,***,2239
4,5,VF2,-0.34812198567228947,0.0019254994489648132,1.4331106352157876,0.15196589747408448,,2239
4,5,VF3,0.2652589952203188,0.0017121258621881168,2.2498777888061765,0.02455349736521616,**,2239
4,5,VF4,0.06697682417374784,0.001555572893778711,1.7074563469593673,0.08787596226725682,*,2239
4,5,sVF1,2.4950048797833912,0.02894473178298178,9.139039004792679,1.3726399367251457e-19,***,2239
4,5,sVF2,-0.6127905129216682,0.0014896802391048142,1.0432528473036693,0.2969438791093191,,2239
4,5,sVF3,0.6748940683142135,0.004173826925723388,3.617395163198272,0.00030417188632305753,***,2239
4,5,sVF4,0.32200828058407405,0.0025912841029440466,2.7194255515158035,0.0065900574008597905,***,2239
4,5,MC,0.9546071232042541,0.0027408386521018476,8.89069608559295,1.2219077257905777e-18,***,2239
4,5,MDC,0.5087786822520202,0.0014352538893835374,7.201133523229338,8.118667637596399e-13,***,2239
4,5,TMC,0.9436026067097703,0.002708718522045685,8.843350798723021,1.842286486261275e-18,***,2239
4,5,DMSPE_0.9,1.0817540734818665,0.0030955072121175947,9.85643229163834,1.829726979957536e-22,***,2239
4,5,DMSPE_1,0.9678922605232954,0.0027832123415755944,8.911628907209769,1.018409785220897e-18,***,2239
4,22,HAR,0.0,,,,,2222
4,22,VF1,4.295330404692921,0.03249684964356432,10.323628038097207,1.9472160256031505e-24,***,2222
4,22,VF2,-0.9055366984615176,0.02086598414733302,5.148913219347686,2.850548462030877e-07,***,2222
4,22,VF3,3.62004544543999,0.01901603761954086,8.605166699476921,1.4167778908196727e-17,***,2222
4,22,VF4,0.7310049273358432,0.007906970219730048,5.0693292215532315,4.3222492549472374e-07,***,2222
4,22,sVF1,8.625677201661052,0.07455848132376759,14.113970377958406,2.204281244088314e-43,***,2222
4,22,sVF2,-0.3165924194141079,0.025037035717633764,6.347218033322432,2.649632955456227e-10,***,2222
4,22,sVF3,1.1911847340809079,0.009151559507217159,5.351505797994392,9.619208750587334e-08,***,2222
4,22,sVF4,-0.03780738649732385,0.0036311585973208852,2.7749128282719324,0.00556787765324169,***,2222
4,22,MC,2.128771188499423,0.0076413257678045994,14.675030475674607,1.317915280581259e-46,***,2222
4,22,MDC,0.8431020459159333,0.002973984768510555,10.160137870420469,9.779417799107214e-24,***,2222
4,22,TMC,2.095097552483638,0.007516761130576996,14.615436415242185,2.9318465945443108e-46,***,2222
4,22,DMSPE_0.9,2.851272666016935,0.010230669655855788,17.26395543948743,9.130417919517347e-63,***,2222
4,22,DMSPE_1,2.2208019217378583,0.007994080883185222,14.799035959456793,2.4752906984961477e-47,***,2222
5,1,HAR,0.0,,,,,1991
5,1,VF1,1.5003365281552994,0.011900281290443071,5.239720330561998,1.7783779286102127e-07,***,1991
5,1,VF2,-0.019459962696166677,0.0008698386458220946,1.0853818395071158,0.27788403722659794,,1991
5,1,VF3,-0.0009914656809995037,0.0005382894420417769,0.9210863456220085,0.35711699473190217,,1991
5,1,VF4,-0.11586986965790302,0.0003398227156824362,0.3957251187077859,0.6923502426440666,,1991
5,1,sVF1,1.4322068614710304,0.017451466070548757,5.641485340912834,1.927144281630355e-08,***,1991
5,1,sVF2,-0.37392016963775365,-0.0007499456187182371,-1.350305816168671,0.17707145209255004,,1991
5,1,sVF3,-0.03824745322715817,0.0007539492148030191,1.0119999655141885,0.31166109788319274,,1991
5,1,sVF4,0.5504038749925777,0.0026309880577063617,3.0378208491134626,0.0024139301403398416,***,1991
5,1,MC,0.5040281379088962,0.0017595843018806357,5.383248621248501,8.179194113837873e-08,***,1991
5,1,MDC,0.2934813037381523,0.0010086859599874834,4.527586637677239,6.318998674703493e-06,***,1991
5,1,TMC,0.5004349261533259,0.00174681867284176,5.374993179151431,8.557308290075879e-08,***,1991
5,1,DMSPE_0.9,0.5099606296355308,0.0017814376019799239,5.441526859271069,5.934407323052981e-08,***,1991
5,1,DMSPE_1,0.5085439148305615,0.001776438338799464,5.403316915442434,7.326308326544045e-08,***,1991
5,5,HAR,0.0,,,,,1987
5,5,VF1,2.505494374183237,0.015929249949394444,7.109018297734893,1.6233951112861433e-12,***,1987
5,5,VF2,0.008297288805170222,0.0019849898481277763,1.8365257473322083,0.0664293177497888,*,1987
5,5,VF3,-0.045077481917399354,0.0008332990593896941,1.1625135045391553,0.24516661546345092,,1987
5,5,VF4,-0.22957059135502167,0.000366382564113469,0.34887362222945123,0.727221170933752,,1987
5,5,sVF1,3.0838131239984468,0.025632511768291424,8.392411409910421,8.919241115917897e-17,***,1987
5,5,sVF2,-0.13462270916608787,0.001894909944058465,1.6933560098084868,0.0905445439982998,*,1987
5,5,sVF3,-0.04005711672543377,0.002192709627372795,1.820718612146287,0.06880006174080339,*,1987
5,5,sVF4,0.22424174362767335,0.001796735013443327,1.8477134850512253,0.06479241561022103,*,1987
5,5,MC,0.9597549370788272,0.0027128999879346615,8.34418203939604,1.32430798820251e-16,***,1987
5,5,MDC,0.5402101263770165,0.0015000736930883415,6.966724016864867,4.395497016531128e-12,***,1987
5,5,TMC,0.9533401832615751,0.00269384810642239,8.324718154894214,1.5524313303195197e-16,***,1987
5,5,DMSPE_0.9,1.1139506411347089,0.003126608225650588,9.52904124287405,4.4444943032974376e-21,***,1987
5,5,DMSPE_1,0.9743889649587834,0.002757052677877621,8.376596623482516,1.0155833937721302e-16,***,1987
5,22,HAR,0.0,,,,,1970
5,22,VF1,4.761775732708173,0.032391444560746385,9.980780059872812,6.415914240382325e-23,***,1970
5,22,VF2,-0.6968483488166033,0.012888823356152275,3.7441115602254285,0.00018622979597264472,***,1970
5,22,VF3,3.18881188202762,0.017744978869335647,7.454620114348816,1.342765130543736e-13,***,1970
5,22,VF4,0.127379549398432,0.0032908435950900444,2.2710001653933496,0.023254520428873018,**,1970
5,22,sVF1,8.929577248102039,0.06470961370664662,12.94170225528279,7.942246187536701e-37,***,1970
5,22,sVF2,-0.7131818168101267,0.014604371906193217,3.7814561366546986,0.00016056149023458243,***,1970
5,22,sVF3,2.1108490531038915,0.013112430501859531,5.817602592345413,6.951212165509228e-09,***,1970
5,22,sVF4,-0.08466020776574101,0.001567215411177059,1.5336097851245896,0.12528633186898483,,1970
5,22,MC,2.0945480613351997,0.006711886072422424,12.736755076191177,9.136025086159731e-36,***,1970
5,22,MDC,0.8667853203717213,0.002709371687895917,9.991117476914924,5.809898169470073e-23,***,1970
5,22,TMC,2.0786343892688297,0.006655137307636184,12.769002941506706,6.234159781711193e-36,***,1970
5,22,DMSPE_0.9,3.0345731032584644,0.009683176910963839,15.856442456001705,2.2094501266631662e-53,***,1970
5,22,DMSPE_1,2.2276015126017623,0.007149297643531066,12.87115260863461,1.848007195291101e-36,***,1970
6,1,HAR,0.0,,,,,1739
6,1,VF1,1.2320844934171293,0.012196684152570239,4.587706120203217,4.802164006799792e-06,***,1739
6,1,VF2,-0.07304599915942678,0.0006565060291819807,0.7279272495727035,0.46675617527285285,,1739
6,1,VF3,-0.05952024546389545,0.00018709444320840927,0.3776489513820993,0.7057375071578524,,1739
6,1,VF4,-0.0037588562157075955,0.0004037220698636955,0.6630140926645036,0.5074094489428813,,1739
6,1,sVF1,1.2481727766309403,0.016975715199618914,4.94467557218402,8.362624939388304e-07,***,1739
6,1,sVF2,-0.12603783984452832,-0.0003386036670325023,-1.213136141439361,0.22524262556067212,,1739
6,1,sVF3,-0.13130440584170344,-3.58332202627077e-05,-0.06404720376487878,0.948940005994771,,1739
6,1,sVF4,0.06633399464455181,0.0005220040951077917,1.0787385380696393,0.28085398777333237,,1739
6,1,MC,0.5083011049540453,0.0019008753225239607,4.935377164199208,8.765270190315069e-07,***,1739
6,1,MDC,0.34809992492786934,0.0012713427497152657,4.783895979364092,1.8645763815535874e-06,***,1739
6,1,TMC,0.5058600613435216,0.0018914738551855828,4.9381591608803515,8.64288374838926e-07,***,1739
6,1,DMSPE_0.9,0.5125459147645062,0.0019132079329624088,4.983424013572496,6.868518060695561e-07,***,1739
6,1,DMSPE_1,0.5111355164982623,0.0019118499276606319,4.939466993199506,8.58591991137978e-07,***,1739
6,5,HAR,0.0,,,,,1735
6,5,VF1,2.5941789487117672,0.018015336322172983,6.659431852614667,3.678524065510638e-11,***,1735
6,5,VF2,0.07904140120033043,0.002004557640256032,1.6264852748636465,0.10402816207607868,,1735
6,5,VF3,0.020880728894012712,0.0010374361111809333,1.4406609156124572,0.1498610372330438,,1735
6,5,VF4,-0.021296635529188812,0.00040326404953346345,0.6563893698025741,0.5116607213225786,,1735
6,5,sVF1,3.142484145580682,0.025930722676404856,7.466336471055933,1.2988585858225906e-13,***,1735
6,5,sVF2,0.42915242911373275,0.002251927981393682,2.5045975947908143,0.01235022299711264,**,1735
6,5,sVF3,-0.4951950422768858,-0.00035318912880710865,-0.4381327940968911,0.6613445960344583,,1735
6,5,sVF4,0.31896541982481263,0.0014241923715999987,2.184273428977202,0.029075706043927087,**,1735
6,5,MC,1.0336505579871647,0.0031445257888188783,7.992487614783946,2.3909616619314354e-15,***,1735
6,5,MDC,0.621198200210038,0.0018545370831844381,7.0017821354356,3.600516122964858e-12,***,1735
6,5,TMC,1.0294365411310236,0.0031306242394375846,7.983063829950208,2.5738498221415647e-15,***,1735
6,5,DMSPE_0.9,1.2028178082037377,0.0036241366081960257,9.174942006254623,1.244635573206354e-19,***,1735
6,5,DMSPE_1,1.048690672621766,0.003190900319219161,8.020683898956435,1.916871169606117e-15,***,1735
6,22,HAR,0.0,,,,,1718
6,22,VF1,5.968260676106041,0.04089223746450558,10.533539785975174,3.482549694235022e-25,***,1718
6,22,VF2,-0.7381687780242396,0.010549615043923388,2.4017255873283383,0.016423632807963412,**,1718
6,22,VF3,1.9209238669840478,0.015380843444230838,6.462184602939329,1.34082208860919e-10,***,1718
6,22,VF4,1.7251791951265028,0.007737306494097997,4.849291628222691,1.3509549581494905e-06,***,1718
6,22,sVF1,8.489441447809131,0.06656503890351517,12.256389402509042,3.614421191197636e-33,***,1718
6,22,sVF2,-0.1959536053583566,0.01111146659806542,2.4128620730716723,0.015932000070083868,**,1718
6,22,sVF3,0.033106321368758795,0.007042409587159388,2.9397811052048373,0.003328339726774625,***,1718
6,22,sVF4,2.040209009252447,0.00839157701101875,7.876138988357085,5.939515842171998e-15,***,1718
6,22,MC,2.38295309527502,0.008149283368338105,13.156238236363864,9.814882048966645e-38,***,1718
6,22,MDC,1.0629213702468832,0.0035557475680470726,11.014134439600152,2.6170542019363474e-27,***,1718
6,22,TMC,2.362537965311229,0.0080762070606895,13.167288096288654,8.5937875516209e-38,***,1718
6,22,DMSPE_0.9,3.529971744547966,0.011994222734245899,16.880681066269013,2.868444627865677e-59,***,1718
6,22,DMSPE_1,2.534977419770501,0.008679032716733329,13.26865342854466,2.529614500268352e-38,***,1718
