horizon,model,r2,adj_r2,beta,t_stat,p_value,stars
1,HAR,0.7361400445592986,0.7358962564883648,,,,
1,HAR-VF1,0.7408266930325618,0.7405073174232365,0.01825683314495394,7.661438374832065,2.411167186294236e-14,***
1,HAR-VF2,0.7361577977618146,0.7358326687387238,-0.0010983465167831992,-0.46734809817778267,0.6402822198687561,
1,HAR-VF3,0.7364822248087279,0.7361574955725094,-0.006196646541585163,-2.0530369672868045,0.04014897461468097,**
1,HAR-VF4,0.7361414828851536,0.7358163337574705,-0.0006887192372377528,-0.13302012227317647,0.8941857119556886,
1,HAR-sVF1,0.7427931133555867,0.74247616093828,1.0294753461342845,9.16313254378254,8.706951200841873e-20,***
1,HAR-sVF2,0.7361408194948377,0.735815669549668,0.012502556410562221,0.09763846481162952,0.9222254080922506,
1,HAR-sVF3,0.7362910876063977,0.7359661228345017,-0.23339346339023292,-1.3635222310520785,0.17281253813399694,
1,HAR-sVF4,0.7362121536085352,0.7358870915673874,-0.250110452632619,-0.9419801503468553,0.34627290094244734,
5,HAR,0.7478936686284556,0.7476604527807484,,,,
5,HAR-VF1,0.7553561762823829,0.7550543331932804,0.02118152481037325,9.944472978779627,5.66672736227421e-23,***
5,HAR-VF2,0.748304762973033,0.747994219805819,-0.004850450010061284,-2.3011225999283043,0.021447852906902955,**
5,HAR-VF3,0.7485316149091104,0.7482213516332425,-0.007775398765663433,-2.8678528492811477,0.00415936528886468,***
5,HAR-VF4,0.7485721389454691,0.7482619256684124,0.013736085289466463,2.957775661184939,0.0031210670296161346,***
5,HAR-sVF1,0.7598634787020133,0.7595671967509979,1.1224670844759128,12.712209088974605,3.640041037499081e-36,***
5,HAR-sVF2,0.7481071080533428,0.7477963210182452,-0.16140569022313112,-1.6574325744249807,0.09752880304630118,*
5,HAR-sVF3,0.7481541893247643,0.7478434603788355,-0.2669436113118616,-1.8313032025580387,0.06714701931470604,*
5,HAR-sVF4,0.7479609370449631,0.7476499696631556,0.1912526078854564,0.9302039500444362,0.3523347542074514,
22,HAR,0.6393920428498288,0.6390566975703958,,,,
22,HAR-VF1,0.6566672689841129,0.6562414299378916,0.030208181457475683,12.738524478398633,2.6678126312923647e-36,***
22,HAR-VF2,0.6441031127475949,0.643661690251778,-0.015264433708456851,-6.533750383987042,7.426657725836875e-11,***
22,HAR-VF3,0.6414204787560167,0.6409757289622258,-0.013001711998339095,-4.271228077490831,2.0001360306913117e-05,***
22,HAR-VF4,0.6514915427365613,0.6510592841849168,0.054076238471703245,10.581370193020739,9.561646924097419e-26,***
22,HAR-sVF1,0.6769709221042861,0.6765702658836403,1.1327001049368661,19.369390836555322,3.717202752267213e-79,***
22,HAR-sVF2,0.6446958892910541,0.6442552020219579,-0.4749258653527674,-6.9384140737606055,4.772191002040912e-12,***
22,HAR-sVF3,0.641445542911499,0.6410008242050327,-0.4383534424201188,-4.297685754867373,1.7769505933133796e-05,***
22,HAR-sVF4,0.6439402662522854,0.6434986417763193,0.9368464933073383,6.418363690658906,1.5792885701170486e-10,***
