variable,horizon,mean,std,Q5,Q5_pvalue,Q5_stars,Q22,Q22_pvalue,Q22_stars
LV,1,-4.650253822625994,1.058118534880239,9446.23702097303,0.0,***,29859.96557735662,0.0,***
VF1,1,8.952270211237682e-15,13.078608088759971,12511.726661588,0.0,***,44356.90402307256,0.0,***
VF2,1,-2.657705218961187e-15,4.168800364175372,14430.060594388382,0.0,***,59450.8316042325,0.0,***
VF3,1,2.9374636630623643e-15,3.16246203305636,13964.479933624718,0.0,***,56808.92032168758,0.0,***
VF4,1,-9.791545543541214e-16,1.8688364681540708,10716.73582260472,0.0,***,37871.426349806694,0.0,***
sVF1,1,-6.993961102529439e-17,0.2599239848531571,12636.844953979897,0.0,***,45046.904995383804,0.0,***
sVF2,1,1.3113677067242698e-17,0.07717797166004864,14299.166682636453,0.0,***,59460.599645584174,0.0,***
sVF3,1,5.464032111351124e-17,0.05595779682244076,13180.772738179203,0.0,***,52752.89909425387,0.0,***
sVF4,1,-6.228996606940281e-17,0.036323678356327015,10084.832324166286,0.0,***,35740.09812620566,0.0,***
LV,5,-4.554109568416251,0.9687559039470807,13635.004678438394,0.0,***,41950.97310743822,0.0,***
VF1,5,7.842886248734829e-15,13.072044952991835,12500.258425627659,0.0,***,44387.10347182628,0.0,***
VF2,5,-1.8206700220277284e-15,4.170746267197865,14410.803091986338,0.0,***,59368.91297109503,0.0,***
VF3,5,-1.1204123212478328e-15,3.1601663241221174,13938.014798657994,0.0,***,56637.913140399345,0.0,***
VF4,5,3.116146768470535e-15,1.8678837215637425,10679.144153985735,0.0,***,37803.286124645056,0.0,***
sVF1,5,7.877899133773824e-17,0.30257775302846135,12945.184723244032,0.0,***,47320.60386906701,0.0,***
sVF2,5,4.376610629874347e-18,0.0904555676962975,14106.160999134818,0.0,***,57550.292566229116,0.0,***
sVF3,5,2.1883053149371734e-18,0.05898622615086734,13440.794713835434,0.0,***,54228.45428344482,0.0,***
sVF4,5,1.64122898620288e-17,0.04234845949894786,8719.55199806329,0.0,***,27810.071721754215,0.0,***
LV,22,-4.468908403051042,0.9012286193475133,15724.659566116368,0.0,***,57265.211972033154,0.0,***
VF1,22,-1.0136783053815919e-14,13.09324139179765,12452.892869831638,0.0,***,44208.540746336475,0.0,***
VF2,22,-7.039432676261055e-16,4.179986852870302,14339.057304500846,0.0,***,59074.049319157435,0.0,***
VF3,22,1.407886535252211e-16,3.138775806689203,13800.275284068131,0.0,***,55930.48469037897,0.0,***
VF4,22,3.238139031080085e-15,1.8662286875584062,10646.708523979523,0.0,***,37718.71770503907,0.0,***
sVF1,22,1.0735134831298109e-15,0.47225507380440385,13207.96386911945,0.0,***,49521.041401251605,0.0,***
sVF2,22,9.67921992985895e-17,0.142721758216758,13466.118324754303,0.0,***,53233.10415192615,0.0,***
sVF3,22,8.799290845326319e-18,0.09389318419182494,12725.606516629863,0.0,***,50943.95658711871,0.0,***
sVF4,22,1.0999113556657898e-17,0.06661186750262983,7966.988164824443,0.0,***,24651.11532938939,0.0,***
