horizon,model,OOS_R2,MSPE_adj,CW_stat,CW_pvalue,stars
1,HAR,0.0,,,,
1,VF1,1.3670900547732567,0.010790624908893438,5.0278637827548724,5.404213013427054e-07,***
1,VF2,0.0928575658682873,0.0021773521111952726,1.9545496259668886,0.05077610301932663,*
1,VF3,-0.1092621248486969,0.0005799272724698324,0.8082699358717317,0.4190318165002359,
1,VF4,0.09667808222187935,0.0011740249051441988,1.2744915965520627,0.20263804990853163,
1,sVF1,1.4981961041387715,0.01466280162012737,5.423084137125795,6.570807000931152e-08,***
1,sVF2,0.23829246384807767,0.0036873878579403775,2.5309528742741136,0.011451778506813224,**
1,sVF3,-0.0866406151669663,0.0017790646217046375,1.5996610604259407,0.10983253315914467,
1,sVF4,-0.2229473857978892,0.0015043482219572418,1.0135473417161616,0.3109220089445551,
1,MC,0.5040281379088962,0.0017595843018806355,5.383248621248501,8.179194113837873e-08,***
1,MDC,0.2934813037381523,0.0010086859599874828,4.527586637677237,6.318998674703576e-06,***
1,TMC,0.5004349261533259,0.0017468186728417593,5.37499317915143,8.557308290075955e-08,***
1,DMSPE_0.9,0.5041271363701028,0.0017600654666816101,5.383551571176199,8.165631050626241e-08,***
1,DMSPE_1,0.5052025538038629,0.0017637148709072708,5.388293518048872,7.956153429906479e-08,***
5,HAR,0.0,,,,
5,VF1,2.3520668741603745,0.014492612593063357,6.965300552261317,4.439100615719354e-12,***
5,VF2,0.15955826055624733,0.0037370582730927976,2.7269101523089234,0.006449260977060546,***
5,VF3,-0.09771694829050492,0.0013082566762365013,1.46523233680634,0.14301582834969492,
5,VF4,0.1996480928122546,0.0014677262567712596,1.405506131353532,0.16002723956581213,
5,sVF1,2.8156204681516472,0.021081109723767387,7.840214559762548,7.277253146335139e-15,***
5,sVF2,0.46907211781880287,0.006833394810847812,3.7821499493206425,0.00016007764941812377,***
5,sVF3,0.21041630214907459,0.00406527066868899,3.035882190055686,0.0024294945950492104,***
5,sVF4,-0.18819302737052013,0.0015770375931286572,1.0625945084999362,0.28809506779515487,
5,MC,0.9597549370788272,0.0027128999879346615,8.34418203939604,1.32430798820251e-16,***
5,MDC,0.5402101263770165,0.0015000736930883413,6.966724016864866,4.3954970165311745e-12,***
5,TMC,0.9533401832615751,0.0026938481064223904,8.324718154894216,1.5524313303195086e-16,***
5,DMSPE_0.9,0.9624386671391094,0.002720573593931729,8.359797642825047,1.1654857749794297e-16,***
5,DMSPE_1,0.963674165649897,0.0027242171739404416,8.354560217070443,1.2165387445044003e-16,***
22,HAR,0.0,,,,
22,VF1,3.8453999000828576,0.025596264229595208,8.828398291586693,2.2952467252233987e-18,***
22,VF2,-0.16355134201853083,0.017623614511317144,4.733199612401499,2.3675093603131488e-06,***
22,VF3,2.488620208432968,0.019278987585313767,6.699782378249954,2.715656497732778e-11,***
22,VF4,-0.3374401166946317,0.0015697838924498624,1.1542318526456685,0.2485451981705279,
22,sVF1,6.494051145967871,0.04624761180834022,11.631860535275901,2.7095784436367544e-30,***
22,sVF2,1.1291786683630733,0.028756063570543774,6.159443747303259,8.826526099745667e-10,***
22,sVF3,5.09086625862375,0.038304483565294346,9.562095793668574,3.305166066944409e-21,***
22,sVF4,-1.1477908835274109,0.00037247633463401977,0.2335287709215809,0.8153751064287625,
22,MC,2.0945480613352108,0.0067118860724224225,12.736755076191173,9.136025086159992e-36,***
22,MDC,0.8667853203717213,0.002709371687895917,9.991117476914924,5.809898169470073e-23,***
22,TMC,2.0786343892688297,0.006655137307636185,12.769002941506708,6.234159781710927e-36,***
22,DMSPE_0.9,2.129455398742708,0.006834052369852798,12.721716082571193,1.0915480266251621e-35,***
22,DMSPE_1,2.1272255631431203,0.006819248513274517,12.790594473943706,4.8244819475540684e-36,***
