component,horizon,model,oos_r2,cw_stat,cw_pvalue,stars
RV_ExtremeNeg,1,HAR-PVF1,-0.05395722716361462,1.8441599097909798,0.06535865761283048,*
RV_ExtremeNeg,1,HAR-PVF2,-0.03980682984205952,1.8450915422514347,0.06522295610156875,*
RV_ExtremeNeg,1,HAR-PVF3,-0.021539483625732103,2.04418453941188,0.041111148192236956,**
RV_ExtremeNeg,1,HAR-PVF4,-0.02675007631791626,1.9313830571806203,0.053625545656784644,*
RV_ExtremeNeg,1,HAR-PsVF1,-0.16139223663147462,1.7978039145085813,0.0724108791801372,*
RV_ExtremeNeg,1,HAR-PsVF2,-0.23777684182462178,1.659013856855251,0.09732388038544189,*
RV_ExtremeNeg,1,HAR-PsVF3,0.1742706854413023,2.2668532048320094,0.023542284375232037,**
RV_ExtremeNeg,1,HAR-PsVF4,0.1867364202030597,2.4212082645879502,0.015588049266392194,**
RV_ExtremeNeg,5,HAR-PVF1,0.06563668414976132,2.1690974658254265,0.030233303249536644,**
RV_ExtremeNeg,5,HAR-PVF2,-0.02368679889155345,2.022478707214995,0.04330562653424124,**
RV_ExtremeNeg,5,HAR-PVF3,0.2170329524333825,2.3722225289781558,0.01780808759139959,**
RV_ExtremeNeg,5,HAR-PVF4,-0.5455681952601932,1.8526217282323032,0.06413462663599571,*
RV_ExtremeNeg,5,HAR-PsVF1,0.09333601145377068,2.2248855610167944,0.0262384879998469,**
RV_ExtremeNeg,5,HAR-PsVF2,-0.020732348599383776,2.0350629143355032,0.04202158958219503,**
RV_ExtremeNeg,5,HAR-PsVF3,0.36100109833654415,2.674796805086278,0.007559436982195396,***
RV_ExtremeNeg,5,HAR-PsVF4,-0.3914982980398385,1.9203532559537844,0.05500437429114476,*
RV_ExtremeNeg,22,HAR-PVF1,0.5464996151169244,2.8064352104339534,0.005074615971147807,***
RV_ExtremeNeg,22,HAR-PVF2,0.5563086507446524,2.856819463864977,0.004338612533317095,***
RV_ExtremeNeg,22,HAR-PVF3,0.3735655047291453,2.69160063968615,0.007190742234311332,***
RV_ExtremeNeg,22,HAR-PVF4,0.76035678834665,3.899820039446283,0.0001005545023235106,***
RV_ExtremeNeg,22,HAR-PsVF1,0.5565257513119759,3.01237699840378,0.0026358731642213994,***
RV_ExtremeNeg,22,HAR-PsVF2,0.47755185089127794,2.864778096403409,0.0042316517255987385,***
RV_ExtremeNeg,22,HAR-PsVF3,0.8119750421835881,3.36687390625561,0.0007796531975942597,***
RV_ExtremeNeg,22,HAR-PsVF4,0.503203115144002,3.153309002080585,0.001646575305123725,***
RV_ModerateNeg,1,HAR-PVF1,-0.23032005616592244,0.40508956512734334,0.6854699450191668,
RV_ModerateNeg,1,HAR-PVF2,0.11632175219349339,1.3361146945808384,0.18171621684560024,
RV_ModerateNeg,1,HAR-PVF3,-0.1597984084677817,0.9115571823386304,0.36214961926134526,
RV_ModerateNeg,1,HAR-PVF4,0.16878663970392171,2.1099151687554256,0.03503235367693803,**
RV_ModerateNeg,1,HAR-PsVF1,0.08603049377926553,1.8002054219287598,0.07203080917400463,*
RV_ModerateNeg,1,HAR-PsVF2,-0.0535595246059728,1.4687491943575188,0.14211233562835685,
RV_ModerateNeg,1,HAR-PsVF3,0.059995207371599246,1.6691738211688723,0.09529343272612854,*
RV_ModerateNeg,1,HAR-PsVF4,-0.07154242230045238,0.44477229123175893,0.6565490496488027,
RV_ModerateNeg,5,HAR-PVF1,0.16703676814746604,1.9028652344091364,0.057251112830539574,*
RV_ModerateNeg,5,HAR-PVF2,-0.04304726795074654,1.2922665494537104,0.1964656327292923,
RV_ModerateNeg,5,HAR-PVF3,-0.48382190536637726,0.9476593784570535,0.3434568618113455,
RV_ModerateNeg,5,HAR-PVF4,0.26767663330775626,2.58052164918131,0.00996024435128222,***
RV_ModerateNeg,5,HAR-PsVF1,0.015390678755911047,2.2751826000959796,0.023036774261352887,**
RV_ModerateNeg,5,HAR-PsVF2,-0.03597367618122238,2.117386318553728,0.03439269040195311,**
RV_ModerateNeg,5,HAR-PsVF3,-0.09814360518236587,1.5455079305831092,0.12243623315147245,
RV_ModerateNeg,5,HAR-PsVF4,-0.10798125707853767,1.1250045998766591,0.26076863935487726,
RV_ModerateNeg,22,HAR-PVF1,1.2233385202790048,4.237122014189908,2.4031711447726504e-05,***
RV_ModerateNeg,22,HAR-PVF2,0.8659197682880482,3.6132599449375133,0.00031244054885743903,***
RV_ModerateNeg,22,HAR-PVF3,0.3054405423011719,2.8980432087263504,0.003810017927405828,***
RV_ModerateNeg,22,HAR-PVF4,0.9969158153197766,4.2918442866940065,1.886451736108184e-05,***
RV_ModerateNeg,22,HAR-PsVF1,1.2921786590779805,4.6003067769755885,4.577071818995701e-06,***
RV_ModerateNeg,22,HAR-PsVF2,1.3706220476552566,4.676151086210627,3.188102242374043e-06,***
RV_ModerateNeg,22,HAR-PsVF3,0.2693016591090336,2.7823583142163786,0.0054647466741394625,***
RV_ModerateNeg,22,HAR-PsVF4,0.510118165616058,3.127951136006666,0.0017944433246168008,***
RV_Neutral,1,HAR-PVF1,0.0838006818259851,1.769184679703732,0.07706800331773064,*
RV_Neutral,1,HAR-PVF2,0.14404001053820448,1.5220469207416014,0.1282099375087168,
RV_Neutral,1,HAR-PVF3,-0.16083049563466734,1.4771034174050512,0.1398596643855837,
RV_Neutral,1,HAR-PVF4,-0.021623992003427794,0.8098788179864639,0.4181394059961234,
RV_Neutral,1,HAR-PsVF1,0.09301134575926406,1.7740243546600603,0.07626371826777109,*
RV_Neutral,1,HAR-PsVF2,0.07094362587534153,1.6452477512923667,0.10013007579203305,
RV_Neutral,1,HAR-PsVF3,-0.06520735318600313,1.2489801513801428,0.2118689135312438,
RV_Neutral,1,HAR-PsVF4,0.22748553951826844,1.873070867994757,0.06125465028361705,*
RV_Neutral,5,HAR-PVF1,0.36709188567128903,2.3176372936078673,0.020604218550024332,**
RV_Neutral,5,HAR-PVF2,0.2396575028862924,1.4768315539546029,0.13993253535003258,
RV_Neutral,5,HAR-PVF3,0.47126787560995975,2.4968991392661946,0.012635926622649712,**
RV_Neutral,5,HAR-PVF4,-0.14883580522577766,1.4902533875506814,0.13636969797409537,
RV_Neutral,5,HAR-PsVF1,0.3902833413533813,2.350774608876803,0.018864376335828204,**
RV_Neutral,5,HAR-PsVF2,0.4157810719241817,2.284216194605378,0.02249921899985105,**
RV_Neutral,5,HAR-PsVF3,0.3248142849289537,1.7122626387326267,0.08705676940067875,*
RV_Neutral,5,HAR-PsVF4,-0.0355003016798916,1.7512978566844608,0.08010078165961308,*
RV_Neutral,22,HAR-PVF1,0.9482864646514155,3.6936621191590606,0.00022905072465144322,***
RV_Neutral,22,HAR-PVF2,-0.1580282397491084,0.06676788107632213,0.9467754691240264,
RV_Neutral,22,HAR-PVF3,0.8215488009759575,4.002589111508903,6.573973417783902e-05,***
RV_Neutral,22,HAR-PVF4,0.320262777305369,2.983002760080624,0.0029008480394355964,***
RV_Neutral,22,HAR-PsVF1,1.0644481123341154,3.8728347417891675,0.00011224503251239183,***
RV_Neutral,22,HAR-PsVF2,0.9971060229599704,3.81516934287363,0.00014166502536635178,***
RV_Neutral,22,HAR-PsVF3,-0.1881779161659214,-1.2789725971449823,0.2011062584394482,
RV_Neutral,22,HAR-PsVF4,0.22536733007909593,2.512707260207317,0.012085964813251525,**
RV_ModeratePos,1,HAR-PVF1,-0.23196423102254116,0.6036493541447961,0.5461688620767218,
RV_ModeratePos,1,HAR-PVF2,0.07006338970796389,1.2664327231550676,0.2055565449578967,
RV_ModeratePos,1,HAR-PVF3,-0.13510402841867553,1.1261407607491294,0.2602876535811734,
RV_ModeratePos,1,HAR-PVF4,0.41370465329972905,2.5920551721963307,0.009633918446015655,***
RV_ModeratePos,1,HAR-PsVF1,0.11314708556603437,1.8198329954606953,0.0689854187890532,*
RV_ModeratePos,1,HAR-PsVF2,-0.05773787712242129,1.3974840867589997,0.16247650881897677,
RV_ModeratePos,1,HAR-PsVF3,0.3331446037496466,2.5514140602691078,0.010828037165837268,**
RV_ModeratePos,1,HAR-PsVF4,-0.06903802293076744,0.7406337172284364,0.45903248771521676,
RV_ModeratePos,5,HAR-PVF1,0.0703504334538918,1.5644229753954648,0.11793104351324217,
RV_ModeratePos,5,HAR-PVF2,-0.22263822990398197,0.6316328533888381,0.5277238991650591,
RV_ModeratePos,5,HAR-PVF3,-0.7218123975993196,0.2039130905564782,0.8384493175401951,
RV_ModeratePos,5,HAR-PVF4,0.23448012009478214,2.5278887452271084,0.01157790195666456,**
RV_ModeratePos,5,HAR-PsVF1,-0.01672740580933585,2.0403379991334796,0.041493016210596055,**
RV_ModeratePos,5,HAR-PsVF2,-0.16152457019327215,1.6969372084232075,0.08991780538888534,*
RV_ModeratePos,5,HAR-PsVF3,-0.19247461207556604,1.4995604338012798,0.13394057241406104,
RV_ModeratePos,5,HAR-PsVF4,-0.3143649881894861,0.38778893763589267,0.6982277348404793,
RV_ModeratePos,22,HAR-PVF1,0.7488343787864116,3.188039069251942,0.0014622299451355163,***
RV_ModeratePos,22,HAR-PVF2,0.4126305000223929,2.374702937739375,0.017689341333534628,**
RV_ModeratePos,22,HAR-PVF3,-0.29807705547544305,1.03528114336571,0.3007059636682866,
RV_ModeratePos,22,HAR-PVF4,0.4364260094778083,3.1720655820105397,0.001544514434888101,***
RV_ModeratePos,22,HAR-PsVF1,0.8187272888066532,3.574878906235787,0.000361595559504413,***
RV_ModeratePos,22,HAR-PsVF2,0.851746095806083,3.6157736041861646,0.00030945038399712,***
RV_ModeratePos,22,HAR-PsVF3,-0.36305173105304345,0.7934725846345456,0.4276291275844626,
RV_ModeratePos,22,HAR-PsVF4,0.14537041000388662,1.8492849893589614,0.06461501573052955,*
RV_ExtremePos,1,HAR-PVF1,-0.36612912395657116,0.04285946158844576,0.9658193181021735,
RV_ExtremePos,1,HAR-PVF2,-0.229837585846715,0.5694171689737326,0.5691590703249851,
RV_ExtremePos,1,HAR-PVF3,0.16682596304918862,2.3023763603958747,0.02145151685180512,**
RV_ExtremePos,1,HAR-PVF4,-0.23009359325680823,0.20475571320687486,0.8377910116472516,
RV_ExtremePos,1,HAR-PsVF1,0.029096353593316415,2.0857400194799296,0.037172298669899365,**
RV_ExtremePos,1,HAR-PsVF2,-0.040359651088262005,1.9283971949704268,0.05399592395625691,*
RV_ExtremePos,1,HAR-PsVF3,-0.07696538329782232,0.609891421378769,0.5420269200515061,
RV_ExtremePos,1,HAR-PsVF4,-0.04931732287447588,1.0530107817880223,0.2925071264916245,
RV_ExtremePos,5,HAR-PVF1,0.280901229824293,1.807760539533313,0.0708457666693455,*
RV_ExtremePos,5,HAR-PVF2,0.06153930196073354,1.3488371071455287,0.17759466241579036,
RV_ExtremePos,5,HAR-PVF3,0.21568160269258563,2.328592473135462,0.02001413021699053,**
RV_ExtremePos,5,HAR-PVF4,-0.4463878001502053,1.1309559606715502,0.25825599571134233,
RV_ExtremePos,5,HAR-PsVF1,0.15452606030766924,2.4192201514948666,0.015673168383751258,**
RV_ExtremePos,5,HAR-PsVF2,0.10601233470691751,2.194835015574696,0.028329581101580827,**
RV_ExtremePos,5,HAR-PsVF3,0.35112610159684365,2.1488657660126886,0.03180606459690946,**
RV_ExtremePos,5,HAR-PsVF4,-0.26937516343870094,1.1728205728454848,0.2410556075261445,
RV_ExtremePos,22,HAR-PVF1,1.1733294865640675,4.364367092054033,1.362888864050635e-05,***
RV_ExtremePos,22,HAR-PVF2,1.022282659483964,4.0334057554763305,5.776409072134622e-05,***
RV_ExtremePos,22,HAR-PVF3,0.5200679731854896,2.9370811002311963,0.003364161021999449,***
RV_ExtremePos,22,HAR-PVF4,1.5165021343523932,4.892655475203828,1.1029732589821993e-06,***
RV_ExtremePos,22,HAR-PsVF1,0.5517903996285156,3.0229804435478957,0.002545797279467247,***
RV_ExtremePos,22,HAR-PsVF2,0.5095010597591987,2.9232747121879266,0.0035161006430327896,***
RV_ExtremePos,22,HAR-PsVF3,1.57852811066429,5.314793830312929,1.2303903935582965e-07,***
RV_ExtremePos,22,HAR-PsVF4,1.1678319666389325,4.268242110831542,2.0947873761101745e-05,***
