panel,horizon,loss,model,mcs_pvalue
all,1,MSE,HAR,0.001
all,1,MSE,VF1,0.314
all,1,MSE,VF2,0.193
all,1,MSE,VF3,0.209
all,1,MSE,VF4,0.057
all,1,MSE,sVF1,1.0
all,1,MSE,sVF2,0.015
all,1,MSE,sVF3,0.104
all,1,MSE,sVF4,0.209
all,1,MSE,MC,0.025
all,1,MSE,MDC,0.002
all,1,MSE,TMC,0.026
all,1,MSE,DMSPE_0.9,0.209
all,1,MSE,DMSPE_1,0.209
all,1,MAE,HAR,0.019
all,1,MAE,VF1,0.975
all,1,MAE,VF2,0.665
all,1,MAE,VF3,0.975
all,1,MAE,VF4,0.031
all,1,MAE,sVF1,1.0
all,1,MAE,sVF2,0.05
all,1,MAE,sVF3,0.875
all,1,MAE,sVF4,0.875
all,1,MAE,MC,0.857
all,1,MAE,MDC,0.066
all,1,MAE,TMC,0.857
all,1,MAE,DMSPE_0.9,0.975
all,1,MAE,DMSPE_1,0.975
all,1,QLIKE,HAR,0.808
all,1,QLIKE,VF1,1.0
all,1,QLIKE,VF2,0.643
all,1,QLIKE,VF3,0.03
all,1,QLIKE,VF4,0.961
all,1,QLIKE,sVF1,0.518
all,1,QLIKE,sVF2,0.312
all,1,QLIKE,sVF3,0.961
all,1,QLIKE,sVF4,0.961
all,1,QLIKE,MC,0.808
all,1,QLIKE,MDC,0.395
all,1,QLIKE,TMC,0.007
all,1,QLIKE,DMSPE_0.9,0.903
all,1,QLIKE,DMSPE_1,0.961
all,1,HMSE,HAR,0.473
all,1,HMSE,VF1,0.555
all,1,HMSE,VF2,0.555
all,1,HMSE,VF3,0.473
all,1,HMSE,VF4,0.473
all,1,HMSE,sVF1,1.0
all,1,HMSE,sVF2,0.473
all,1,HMSE,sVF3,0.473
all,1,HMSE,sVF4,0.555
all,1,HMSE,MC,0.473
all,1,HMSE,MDC,0.473
all,1,HMSE,TMC,0.266
all,1,HMSE,DMSPE_0.9,0.543
all,1,HMSE,DMSPE_1,0.455
all,1,HMAE,HAR,0.491
all,1,HMAE,VF1,0.951
all,1,HMAE,VF2,0.951
all,1,HMAE,VF3,0.585
all,1,HMAE,VF4,0.352
all,1,HMAE,sVF1,1.0
all,1,HMAE,sVF2,0.491
all,1,HMAE,sVF3,0.804
all,1,HMAE,sVF4,0.951
all,1,HMAE,MC,0.491
all,1,HMAE,MDC,0.488
all,1,HMAE,TMC,0.352
all,1,HMAE,DMSPE_0.9,0.951
all,1,HMAE,DMSPE_1,0.856
all,5,MSE,HAR,0.0
all,5,MSE,VF1,0.055
all,5,MSE,VF2,0.055
all,5,MSE,VF3,0.055
all,5,MSE,VF4,0.029
all,5,MSE,sVF1,1.0
all,5,MSE,sVF2,0.055
all,5,MSE,sVF3,0.017
all,5,MSE,sVF4,0.0
all,5,MSE,MC,0.0
all,5,MSE,MDC,0.0
all,5,MSE,TMC,0.0
all,5,MSE,DMSPE_0.9,0.055
all,5,MSE,DMSPE_1,0.0
all,5,MAE,HAR,0.0
all,5,MAE,VF1,0.221
all,5,MAE,VF2,0.214
all,5,MAE,VF3,0.221
all,5,MAE,VF4,0.023
all,5,MAE,sVF1,1.0
all,5,MAE,sVF2,0.214
all,5,MAE,sVF3,0.006
all,5,MAE,sVF4,0.0
all,5,MAE,MC,0.0
all,5,MAE,MDC,0.0
all,5,MAE,TMC,0.0
all,5,MAE,DMSPE_0.9,0.221
all,5,MAE,DMSPE_1,0.0
all,5,QLIKE,HAR,0.103
all,5,QLIKE,VF1,0.919
all,5,QLIKE,VF2,0.679
all,5,QLIKE,VF3,0.412
all,5,QLIKE,VF4,0.783
all,5,QLIKE,sVF1,0.679
all,5,QLIKE,sVF2,0.332
all,5,QLIKE,sVF3,1.0
all,5,QLIKE,sVF4,0.412
all,5,QLIKE,MC,0.0
all,5,QLIKE,MDC,0.02
all,5,QLIKE,TMC,0.0
all,5,QLIKE,DMSPE_0.9,0.919
all,5,QLIKE,DMSPE_1,0.0
all,5,HMSE,HAR,0.159
all,5,HMSE,VF1,0.993
all,5,HMSE,VF2,1.0
all,5,HMSE,VF3,0.237
all,5,HMSE,VF4,0.159
all,5,HMSE,sVF1,0.993
all,5,HMSE,sVF2,0.767
all,5,HMSE,sVF3,0.25
all,5,HMSE,sVF4,0.117
all,5,HMSE,MC,0.034
all,5,HMSE,MDC,0.093
all,5,HMSE,TMC,0.043
all,5,HMSE,DMSPE_0.9,0.889
all,5,HMSE,DMSPE_1,0.031
all,5,HMAE,HAR,0.003
all,5,HMAE,VF1,0.807
all,5,HMAE,VF2,0.325
all,5,HMAE,VF3,0.096
all,5,HMAE,VF4,0.022
all,5,HMAE,sVF1,1.0
all,5,HMAE,sVF2,0.325
all,5,HMAE,sVF3,0.012
all,5,HMAE,sVF4,0.004
all,5,HMAE,MC,0.003
all,5,HMAE,MDC,0.004
all,5,HMAE,TMC,0.003
all,5,HMAE,DMSPE_0.9,0.66
all,5,HMAE,DMSPE_1,0.0
all,22,MSE,HAR,0.0
all,22,MSE,VF1,0.235
all,22,MSE,VF2,0.189
all,22,MSE,VF3,0.248
all,22,MSE,VF4,0.189
all,22,MSE,sVF1,1.0
all,22,MSE,sVF2,0.189
all,22,MSE,sVF3,0.248
all,22,MSE,sVF4,0.104
all,22,MSE,MC,0.0
all,22,MSE,MDC,0.001
all,22,MSE,TMC,0.0
all,22,MSE,DMSPE_0.9,0.248
all,22,MSE,DMSPE_1,0.0
all,22,MAE,HAR,0.003
all,22,MAE,VF1,0.175
all,22,MAE,VF2,0.008
all,22,MAE,VF3,0.302
all,22,MAE,VF4,0.024
all,22,MAE,sVF1,1.0
all,22,MAE,sVF2,0.008
all,22,MAE,sVF3,0.244
all,22,MAE,sVF4,0.019
all,22,MAE,MC,0.003
all,22,MAE,MDC,0.008
all,22,MAE,TMC,0.003
all,22,MAE,DMSPE_0.9,0.175
all,22,MAE,DMSPE_1,0.003
all,22,QLIKE,HAR,0.125
all,22,QLIKE,VF1,0.56
all,22,QLIKE,VF2,0.613
all,22,QLIKE,VF3,0.843
all,22,QLIKE,VF4,0.546
all,22,QLIKE,sVF1,1.0
all,22,QLIKE,sVF2,0.843
all,22,QLIKE,sVF3,0.843
all,22,QLIKE,sVF4,0.546
all,22,QLIKE,MC,0.006
all,22,QLIKE,MDC,0.098
all,22,QLIKE,TMC,0.008
all,22,QLIKE,DMSPE_0.9,0.843
all,22,QLIKE,DMSPE_1,0.0
all,22,HMSE,HAR,0.249
all,22,HMSE,VF1,0.724
all,22,HMSE,VF2,0.761
all,22,HMSE,VF3,0.761
all,22,HMSE,VF4,0.487
all,22,HMSE,sVF1,1.0
all,22,HMSE,sVF2,0.811
all,22,HMSE,sVF3,0.672
all,22,HMSE,sVF4,0.487
all,22,HMSE,MC,0.007
all,22,HMSE,MDC,0.205
all,22,HMSE,TMC,0.013
all,22,HMSE,DMSPE_0.9,0.811
all,22,HMSE,DMSPE_1,0.003
all,22,HMAE,HAR,0.019
all,22,HMAE,VF1,0.435
all,22,HMAE,VF2,0.046
all,22,HMAE,VF3,0.544
all,22,HMAE,VF4,0.049
all,22,HMAE,sVF1,1.0
all,22,HMAE,sVF2,0.046
all,22,HMAE,sVF3,0.435
all,22,HMAE,sVF4,0.046
all,22,HMAE,MC,0.012
all,22,HMAE,MDC,0.046
all,22,HMAE,TMC,0.015
all,22,HMAE,DMSPE_0.9,0.435
all,22,HMAE,DMSPE_1,0.011
pca,1,MSE,HAR,0.0
pca,1,MSE,VF1,1.0
pca,1,MSE,VF2,0.121
pca,1,MSE,VF3,0.121
pca,1,MSE,VF4,0.032
pca,1,MSE,MC,0.014
pca,1,MSE,MDC,0.001
pca,1,MSE,TMC,0.014
pca,1,MSE,DMSPE_0.9,0.121
pca,1,MSE,DMSPE_1,0.121
pca,1,MAE,HAR,0.011
pca,1,MAE,VF1,1.0
pca,1,MAE,VF2,0.499
pca,1,MAE,VF3,0.944
pca,1,MAE,VF4,0.016
pca,1,MAE,MC,0.695
pca,1,MAE,MDC,0.037
pca,1,MAE,TMC,0.695
pca,1,MAE,DMSPE_0.9,0.944
pca,1,MAE,DMSPE_1,0.944
pca,1,QLIKE,HAR,0.641
pca,1,QLIKE,VF1,1.0
pca,1,QLIKE,VF2,0.591
pca,1,QLIKE,VF3,0.63
pca,1,QLIKE,VF4,0.835
pca,1,QLIKE,MC,0.641
pca,1,QLIKE,MDC,0.345
pca,1,QLIKE,TMC,0.004
pca,1,QLIKE,DMSPE_0.9,0.719
pca,1,QLIKE,DMSPE_1,0.835
pca,1,HMSE,HAR,0.44
pca,1,HMSE,VF1,1.0
pca,1,HMSE,VF2,0.503
pca,1,HMSE,VF3,0.339
pca,1,HMSE,VF4,0.443
pca,1,HMSE,MC,0.31
pca,1,HMSE,MDC,0.44
pca,1,HMSE,TMC,0.337
pca,1,HMSE,DMSPE_0.9,0.503
pca,1,HMSE,DMSPE_1,0.265
pca,1,HMAE,HAR,0.282
pca,1,HMAE,VF1,1.0
pca,1,HMAE,VF2,0.82
pca,1,HMAE,VF3,0.365
pca,1,HMAE,VF4,0.238
pca,1,HMAE,MC,0.282
pca,1,HMAE,MDC,0.282
pca,1,HMAE,TMC,0.238
pca,1,HMAE,DMSPE_0.9,0.82
pca,1,HMAE,DMSPE_1,0.717
pca,5,MSE,HAR,0.0
pca,5,MSE,VF1,1.0
pca,5,MSE,VF2,0.045
pca,5,MSE,VF3,0.045
pca,5,MSE,VF4,0.017
pca,5,MSE,MC,0.0
pca,5,MSE,MDC,0.0
pca,5,MSE,TMC,0.0
pca,5,MSE,DMSPE_0.9,0.045
pca,5,MSE,DMSPE_1,0.0
pca,5,MAE,HAR,0.0
pca,5,MAE,VF1,1.0
pca,5,MAE,VF2,0.136
pca,5,MAE,VF3,0.167
pca,5,MAE,VF4,0.014
pca,5,MAE,MC,0.0
pca,5,MAE,MDC,0.0
pca,5,MAE,TMC,0.0
pca,5,MAE,DMSPE_0.9,0.167
pca,5,MAE,DMSPE_1,0.0
pca,5,QLIKE,HAR,0.063
pca,5,QLIKE,VF1,0.869
pca,5,QLIKE,VF2,0.632
pca,5,QLIKE,VF3,0.791
pca,5,QLIKE,VF4,0.791
pca,5,QLIKE,MC,0.0
pca,5,QLIKE,MDC,0.012
pca,5,QLIKE,TMC,0.0
pca,5,QLIKE,DMSPE_0.9,1.0
pca,5,QLIKE,DMSPE_1,0.0
pca,5,HMSE,HAR,0.126
pca,5,HMSE,VF1,0.941
pca,5,HMSE,VF2,1.0
pca,5,HMSE,VF3,0.17
pca,5,HMSE,VF4,0.126
pca,5,HMSE,MC,0.023
pca,5,HMSE,MDC,0.06
pca,5,HMSE,TMC,0.027
pca,5,HMSE,DMSPE_0.9,0.828
pca,5,HMSE,DMSPE_1,0.023
pca,5,HMAE,HAR,0.001
pca,5,HMAE,VF1,1.0
pca,5,HMAE,VF2,0.205
pca,5,HMAE,VF3,0.056
pca,5,HMAE,VF4,0.015
pca,5,HMAE,MC,0.002
pca,5,HMAE,MDC,0.002
pca,5,HMAE,TMC,0.002
pca,5,HMAE,DMSPE_0.9,0.476
pca,5,HMAE,DMSPE_1,0.0
pca,22,MSE,HAR,0.0
pca,22,MSE,VF1,1.0
pca,22,MSE,VF2,0.483
pca,22,MSE,VF3,0.502
pca,22,MSE,VF4,0.154
pca,22,MSE,MC,0.0
pca,22,MSE,MDC,0.001
pca,22,MSE,TMC,0.0
pca,22,MSE,DMSPE_0.9,0.502
pca,22,MSE,DMSPE_1,0.0
pca,22,MAE,HAR,0.0
pca,22,MAE,VF1,1.0
pca,22,MAE,VF2,0.022
pca,22,MAE,VF3,0.848
pca,22,MAE,VF4,0.022
pca,22,MAE,MC,0.0
pca,22,MAE,MDC,0.004
pca,22,MAE,TMC,0.0
pca,22,MAE,DMSPE_0.9,0.215
pca,22,MAE,DMSPE_1,0.0
pca,22,QLIKE,HAR,0.088
pca,22,QLIKE,VF1,0.981
pca,22,QLIKE,VF2,1.0
pca,22,QLIKE,VF3,0.993
pca,22,QLIKE,VF4,0.366
pca,22,QLIKE,MC,0.005
pca,22,QLIKE,MDC,0.065
pca,22,QLIKE,TMC,0.006
pca,22,QLIKE,DMSPE_0.9,0.993
pca,22,QLIKE,DMSPE_1,0.0
pca,22,HMSE,HAR,0.161
pca,22,HMSE,VF1,0.949
pca,22,HMSE,VF2,1.0
pca,22,HMSE,VF3,0.75
pca,22,HMSE,VF4,0.324
pca,22,HMSE,MC,0.005
pca,22,HMSE,MDC,0.14
pca,22,HMSE,TMC,0.009
pca,22,HMSE,DMSPE_0.9,0.949
pca,22,HMSE,DMSPE_1,0.003
pca,22,HMAE,HAR,0.009
pca,22,HMAE,VF1,1.0
pca,22,HMAE,VF2,0.049
pca,22,HMAE,VF3,0.996
pca,22,HMAE,VF4,0.048
pca,22,HMAE,MC,0.007
pca,22,HMAE,MDC,0.022
pca,22,HMAE,TMC,0.008
pca,22,HMAE,DMSPE_0.9,0.294
pca,22,HMAE,DMSPE_1,0.006
spca,1,MSE,HAR,0.001
spca,1,MSE,sVF1,1.0
spca,1,MSE,sVF2,0.008
spca,1,MSE,sVF3,0.053
spca,1,MSE,sVF4,0.146
spca,1,MSE,MC,0.013
spca,1,MSE,MDC,0.001
spca,1,MSE,TMC,0.013
spca,1,MSE,DMSPE_0.9,0.146
spca,1,MSE,DMSPE_1,0.146
spca,1,MAE,HAR,0.011
spca,1,MAE,sVF1,1.0
spca,1,MAE,sVF2,0.031
spca,1,MAE,sVF3,0.795
spca,1,MAE,sVF4,0.795
spca,1,MAE,MC,0.795
spca,1,MAE,MDC,0.039
spca,1,MAE,TMC,0.795
spca,1,MAE,DMSPE_0.9,0.915
spca,1,MAE,DMSPE_1,0.915
spca,1,QLIKE,HAR,0.718
spca,1,QLIKE,sVF1,0.985
spca,1,QLIKE,sVF2,0.225
spca,1,QLIKE,sVF3,1.0
spca,1,QLIKE,sVF4,0.929
spca,1,QLIKE,MC,0.726
spca,1,QLIKE,MDC,0.289
spca,1,QLIKE,TMC,0.005
spca,1,QLIKE,DMSPE_0.9,0.823
spca,1,QLIKE,DMSPE_1,0.986
spca,1,HMSE,HAR,0.433
spca,1,HMSE,sVF1,1.0
spca,1,HMSE,sVF2,0.433
spca,1,HMSE,sVF3,0.433
spca,1,HMSE,sVF4,0.473
spca,1,HMSE,MC,0.433
spca,1,HMSE,MDC,0.433
spca,1,HMSE,TMC,0.266
spca,1,HMSE,DMSPE_0.9,0.472
spca,1,HMSE,DMSPE_1,0.423
spca,1,HMAE,HAR,0.387
spca,1,HMAE,sVF1,1.0
spca,1,HMAE,sVF2,0.387
spca,1,HMAE,sVF3,0.689
spca,1,HMAE,sVF4,0.902
spca,1,HMAE,MC,0.387
spca,1,HMAE,MDC,0.387
spca,1,HMAE,TMC,0.265
spca,1,HMAE,DMSPE_0.9,0.902
spca,1,HMAE,DMSPE_1,0.721
spca,5,MSE,HAR,0.0
spca,5,MSE,sVF1,1.0
spca,5,MSE,sVF2,0.016
spca,5,MSE,sVF3,0.005
spca,5,MSE,sVF4,0.0
spca,5,MSE,MC,0.0
spca,5,MSE,MDC,0.0
spca,5,MSE,TMC,0.0
spca,5,MSE,DMSPE_0.9,0.02
spca,5,MSE,DMSPE_1,0.0
spca,5,MAE,HAR,0.0
spca,5,MAE,sVF1,1.0
spca,5,MAE,sVF2,0.09
spca,5,MAE,sVF3,0.001
spca,5,MAE,sVF4,0.0
spca,5,MAE,MC,0.0
spca,5,MAE,MDC,0.0
spca,5,MAE,TMC,0.0
spca,5,MAE,DMSPE_0.9,0.121
spca,5,MAE,DMSPE_1,0.0
spca,5,QLIKE,HAR,0.058
spca,5,QLIKE,sVF1,0.796
spca,5,QLIKE,sVF2,0.191
spca,5,QLIKE,sVF3,1.0
spca,5,QLIKE,sVF4,0.226
spca,5,QLIKE,MC,0.0
spca,5,QLIKE,MDC,0.011
spca,5,QLIKE,TMC,0.0
spca,5,QLIKE,DMSPE_0.9,0.796
spca,5,QLIKE,DMSPE_1,0.0
spca,5,HMSE,HAR,0.089
spca,5,HMSE,sVF1,1.0
spca,5,HMSE,sVF2,0.958
spca,5,HMSE,sVF3,0.192
spca,5,HMSE,sVF4,0.072
spca,5,HMSE,MC,0.028
spca,5,HMSE,MDC,0.063
spca,5,HMSE,TMC,0.036
spca,5,HMSE,DMSPE_0.9,0.958
spca,5,HMSE,DMSPE_1,0.028
spca,5,HMAE,HAR,0.0
spca,5,HMAE,sVF1,1.0
spca,5,HMAE,sVF2,0.176
spca,5,HMAE,sVF3,0.003
spca,5,HMAE,sVF4,0.001
spca,5,HMAE,MC,0.0
spca,5,HMAE,MDC,0.002
spca,5,HMAE,TMC,0.0
spca,5,HMAE,DMSPE_0.9,0.576
spca,5,HMAE,DMSPE_1,0.0
spca,22,MSE,HAR,0.0
spca,22,MSE,sVF1,1.0
spca,22,MSE,sVF2,0.084
spca,22,MSE,sVF3,0.156
spca,22,MSE,sVF4,0.043
spca,22,MSE,MC,0.0
spca,22,MSE,MDC,0.0
spca,22,MSE,TMC,0.0
spca,22,MSE,DMSPE_0.9,0.156
spca,22,MSE,DMSPE_1,0.0
spca,22,MAE,HAR,0.001
spca,22,MAE,sVF1,1.0
spca,22,MAE,sVF2,0.004
spca,22,MAE,sVF3,0.121
spca,22,MAE,sVF4,0.015
spca,22,MAE,MC,0.001
spca,22,MAE,MDC,0.004
spca,22,MAE,TMC,0.001
spca,22,MAE,DMSPE_0.9,0.099
spca,22,MAE,DMSPE_1,0.001
spca,22,QLIKE,HAR,0.065
spca,22,QLIKE,sVF1,1.0
spca,22,QLIKE,sVF2,0.75
spca,22,QLIKE,sVF3,0.75
spca,22,QLIKE,sVF4,0.322
spca,22,QLIKE,MC,0.003
spca,22,QLIKE,MDC,0.056
spca,22,QLIKE,TMC,0.004
spca,22,QLIKE,DMSPE_0.9,0.75
spca,22,QLIKE,DMSPE_1,0.0
spca,22,HMSE,HAR,0.154
spca,22,HMSE,sVF1,1.0
spca,22,HMSE,sVF2,0.811
spca,22,HMSE,sVF3,0.501
spca,22,HMSE,sVF4,0.338
spca,22,HMSE,MC,0.005
spca,22,HMSE,MDC,0.129
spca,22,HMSE,TMC,0.008
spca,22,HMSE,DMSPE_0.9,0.811
spca,22,HMSE,DMSPE_1,0.003
spca,22,HMAE,HAR,0.009
spca,22,HMAE,sVF1,1.0
spca,22,HMAE,sVF2,0.03
spca,22,HMAE,sVF3,0.392
spca,22,HMAE,sVF4,0.03
spca,22,HMAE,MC,0.006
spca,22,HMAE,MDC,0.03
spca,22,HMAE,TMC,0.008
spca,22,HMAE,DMSPE_0.9,0.392
spca,22,HMAE,DMSPE_1,0.006
