horizon,benchmark,model,oos_r2,mspe_adj,cw_stat,cw_pvalue,stars
1,HAR-EPU,HAR-EPU-VF1,2.6541282162736546,0.015798042310419213,5.712191147531895,1.3448283283038794e-08,***
1,HAR-EPU,HAR-EPU-VF2,0.013880900288165687,0.000841733834862742,1.0487917314224398,0.29444441184785647,
1,HAR-EPU,HAR-EPU-VF3,0.2615162819795569,0.0011045060172212235,2.101363173165099,0.035777009787500494,**
1,HAR-EPU,HAR-EPU-VF4,-0.616203928373471,-0.0013452929957216769,-1.526998378580703,0.12697407934135982,
1,HAR-VIX,HAR-VIX-VF1,0.550644000724454,0.004987772157738954,3.120300127493286,0.0018414010940671819,***
1,HAR-VIX,HAR-VIX-VF2,-0.9253734940277036,-0.00036204243893120993,-0.34602608851708727,0.7293720586294024,
1,HAR-VIX,HAR-VIX-VF3,0.41676861553602285,0.0033056976754127884,2.633826873869394,0.008530434372143967,***
1,HAR-VIX,HAR-VIX-VF4,-0.6475130361375925,-0.0012382483462555648,-1.5629304898283278,0.11828172519045163,
1,HAR-SKEW,HAR-SKEW-VF1,2.298931537682458,0.01403459103834529,5.229775336129856,1.9390239745380997e-07,***
1,HAR-SKEW,HAR-SKEW-VF2,0.2007653538326104,0.0010817306087163234,1.5889474115689335,0.11228484609162967,
1,HAR-SKEW,HAR-SKEW-VF3,0.2231680401497238,0.000912855896292294,1.8344423646232744,0.0667880558990575,*
1,HAR-SKEW,HAR-SKEW-VF4,-0.7461149660169086,-0.0017270000051574786,-2.0201817985858397,0.04354353883798042,**
5,HAR-EPU,HAR-EPU-VF1,4.872347038410707,0.02242501795019078,8.286098798312121,2.5820859682460147e-16,***
5,HAR-EPU,HAR-EPU-VF2,0.0581553251480349,0.00202162195036024,1.718090519443865,0.08598827963025454,*
5,HAR-EPU,HAR-EPU-VF3,0.4264693532304187,0.001752653972933582,2.4204652297811045,0.015619813807909454,**
5,HAR-EPU,HAR-EPU-VF4,-0.899138252070597,-0.0013973633495520865,-1.1986945604847514,0.23083772764089416,
5,HAR-VIX,HAR-VIX-VF1,1.7913535430627459,0.009481847660265044,5.439502952388973,6.238612325587432e-08,***
5,HAR-VIX,HAR-VIX-VF2,-1.9826692653659217,-0.0005656792846476132,-0.5045877093402193,0.6139232061623408,
5,HAR-VIX,HAR-VIX-VF3,0.612824021139724,0.005033079387222768,2.9882085128732814,0.0028521827738693943,***
5,HAR-VIX,HAR-VIX-VF4,-0.6683606464789493,-0.0007760644328269424,-0.8532146066137991,0.393677715969063,
5,HAR-SKEW,HAR-SKEW-VF1,4.754851270170368,0.02147092951250051,8.015365963861372,2.2015373467861984e-15,***
5,HAR-SKEW,HAR-SKEW-VF2,0.9476676879986767,0.003686439726675888,3.2425294308325183,0.0012110031866693998,***
5,HAR-SKEW,HAR-SKEW-VF3,0.5138718731855785,0.0016757189541954818,3.4466139457030818,0.0005834743177091856,***
5,HAR-SKEW,HAR-SKEW-VF4,-1.442035565231392,-0.002828670074927237,-2.7480958682823715,0.006066687767854822,***
22,HAR-EPU,HAR-EPU-VF1,7.5785617109778824,0.04372300307063977,10.881435309089762,1.3776787936498462e-26,***
22,HAR-EPU,HAR-EPU-VF2,-1.1391610449333456,0.013050293236446424,3.115544435366393,0.001871155826207759,***
22,HAR-EPU,HAR-EPU-VF3,4.030960338244471,0.01862115986205776,9.094281178583998,2.9651959320712656e-19,***
22,HAR-EPU,HAR-EPU-VF4,0.21278351516853533,0.0023204719741297805,1.644466495925669,0.1002912499374664,
22,HAR-VIX,HAR-VIX-VF1,4.358226659309228,0.02683806164848181,8.265820864503624,3.0383150399992654e-16,***
22,HAR-VIX,HAR-VIX-VF2,-5.19296212742657,0.007173407558195697,1.7676725128066162,0.07732071805791542,*
22,HAR-VIX,HAR-VIX-VF3,5.870666310132822,0.03125821889450027,9.792615964575887,5.5033189486781095e-22,***
22,HAR-VIX,HAR-VIX-VF4,0.5479805568158636,0.003029046019726218,2.4471150465587534,0.014515531262673017,**
22,HAR-SKEW,HAR-SKEW-VF1,7.675823404718196,0.04408862421726269,10.980396156166169,5.020225422346404e-27,***
22,HAR-SKEW,HAR-SKEW-VF2,3.3208670542188234,0.02538536610372352,5.789688010477819,8.588285972704437e-09,***
22,HAR-SKEW,HAR-SKEW-VF3,5.592118444275962,0.025177938057157005,10.949002829860765,6.920915056917118e-27,***
22,HAR-SKEW,HAR-SKEW-VF4,-1.4486468056993163,-0.0026832465777876418,-1.9772875865926507,0.04819356586982746,**
