model,horizon,regime,n_obs,oos_r2,cw_stat,cw_pvalue,stars
HAR-VF1,1,Low,699,-0.9104697529619621,1.139266373976115,0.12749144535594714,
HAR-VF1,1,Normal,640,2.580126491532597,4.065465671039744,2.695876912960815e-05,***
HAR-VF1,1,High,652,3.347174757388849,4.392011507913777,6.5532726085357765e-06,***
HAR-VF2,1,Low,699,-0.7217646152769319,-2.1840515214330627,0.9853547133304781,
HAR-VF2,1,Normal,640,-0.09263229533629236,0.17946370877267467,0.4288152508344467,
HAR-VF2,1,High,652,-0.1954341564378126,-0.25660609558775344,0.6012180291819706,
HAR-VF3,1,Low,699,-0.0920254727634795,0.5600871041745155,0.2877998644969556,
HAR-VF3,1,Normal,640,-0.2030033902356232,0.24505677520027505,0.4032455736579117,
HAR-VF3,1,High,652,0.18821379392408577,1.1920173192361936,0.11684439939210393,
HAR-VF4,1,Low,699,0.4361806912972721,1.553878363478266,0.060333353120990973,*
HAR-VF4,1,Normal,640,0.8569099557031667,2.4037197977302487,0.008256502713232562,***
HAR-VF4,1,High,652,0.4045185669634077,1.7363582911840563,0.041486791059537884,**
HAR-VF1,5,Low,695,1.732277817520822,3.4486982303662503,0.000298665826925797,***
HAR-VF1,5,Normal,640,3.733177190567316,5.653403972758317,1.1861806974972918e-08,***
HAR-VF1,5,High,652,3.933642365584622,5.556711531183016,2.0055485251083802e-08,***
HAR-VF2,5,Low,695,-1.2274946895401317,-0.3497008238252141,0.6366653365058859,
HAR-VF2,5,Normal,640,2.1297787304400018,3.5660313529340915,0.0001947537850118643,***
HAR-VF2,5,High,652,-0.8770956303985722,-0.045180537208145376,0.5180113687257997,
HAR-VF3,5,Low,695,0.5317358130752181,1.7515647153742127,0.0401451970774244,**
HAR-VF3,5,Normal,640,-2.0720370009158273,-1.39573943146555,0.9183611263197319,
HAR-VF3,5,High,652,1.0448086420389968,2.3332862621143375,0.009968361264931516,***
HAR-VF4,5,Low,695,0.13814280843187365,1.2285355688678743,0.10983121279842098,
HAR-VF4,5,Normal,640,0.8689422085157883,1.7674839540713452,0.03881221537666442,**
HAR-VF4,5,High,652,-0.21753927069028123,-0.1402090711909327,0.5557309131814203,
HAR-VF1,22,Low,681,7.333465915646298,6.136686097731735,7.154495425261828e-10,***
HAR-VF1,22,Normal,638,7.2798747178928425,6.886225998149994,6.882799133487627e-12,***
HAR-VF1,22,High,651,12.552576616404776,9.256623999181153,1.5073760790252487e-19,***
HAR-VF2,22,Low,681,1.982890046242014,2.930548689559008,0.0017485522845243388,***
HAR-VF2,22,Normal,638,2.3278395204721636,3.0995541861137132,0.0010117828608264753,***
HAR-VF2,22,High,651,-7.148847815205039,0.3111084841712875,0.3779089485950988,
HAR-VF3,22,Low,681,1.1452241282321807,2.549553364910802,0.005502222661878335,***
HAR-VF3,22,Normal,638,0.6051091056873514,2.098933433946456,0.018107901417150834,**
HAR-VF3,22,High,651,4.933025618514375,5.893154668414404,3.042410832811066e-09,***
HAR-VF4,22,Low,681,0.2198120543541071,1.6523825076563206,0.04945911015213925,**
HAR-VF4,22,Normal,638,0.4012035842113293,1.6148846540338881,0.053415426507775095,*
HAR-VF4,22,High,651,-0.9882889184639421,-0.6117006157754962,0.729525130035531,
